date,from,to,rate
2018-01-01,EUR,PLN,4.1709
2018-01-02,EUR,PLN,4.1701
2018-01-03,EUR,PLN,4.1673
2018-01-04,EUR,PLN,4.1515
2018-01-05,EUR,PLN,4.1544
2018-01-06,EUR,PLN,4.1544
2018-01-07,EUR,PLN,4.1544
2018-01-08,EUR,PLN,4.1647
2018-01-09,EUR,PLN,4.1779
2018-01-10,EUR,PLN,4.1784
2018-01-11,EUR,PLN,4.1758
2018-01-12,EUR,PLN,4.1669
2018-01-13,EUR,PLN,4.1669
2018-01-14,EUR,PLN,4.1669
2018-01-15,EUR,PLN,4.1696
2018-01-16,EUR,PLN,4.1825
2018-01-17,EUR,PLN,4.1739
2018-01-18,EUR,PLN,4.1663
2018-01-19,EUR,PLN,4.1750
2018-01-20,EUR,PLN,4.1750
2018-01-21,EUR,PLN,4.1750
2018-01-22,EUR,PLN,4.1696
2018-01-23,EUR,PLN,4.1712
2018-01-24,EUR,PLN,4.1637
2018-01-25,EUR,PLN,4.1493
2018-01-26,EUR,PLN,4.1477
2018-01-27,EUR,PLN,4.1477
2018-01-28,EUR,PLN,4.1477
2018-01-29,EUR,PLN,4.1423
2018-01-30,EUR,PLN,4.1461
2018-01-31,EUR,PLN,4.1488
2018-02-01,EUR,PLN,4.1504
2018-02-02,EUR,PLN,4.1615
2018-02-03,EUR,PLN,4.1615
2018-02-04,EUR,PLN,4.1615
2018-02-05,EUR,PLN,4.1585
2018-02-06,EUR,PLN,4.1547
2018-02-07,EUR,PLN,4.1593
2018-02-08,EUR,PLN,4.1733
2018-02-09,EUR,PLN,4.2024
2018-02-10,EUR,PLN,4.2024
2018-02-11,EUR,PLN,4.2024
2018-02-12,EUR,PLN,4.1846
2018-02-13,EUR,PLN,4.1764
2018-02-14,EUR,PLN,4.1716
2018-02-15,EUR,PLN,4.1530
2018-02-16,EUR,PLN,4.1559
2018-02-17,EUR,PLN,4.1559
2018-02-18,EUR,PLN,4.1559
2018-02-19,EUR,PLN,4.1467
2018-02-20,EUR,PLN,4.1472
2018-02-21,EUR,PLN,4.1562
2018-02-22,EUR,PLN,4.1811
2018-02-23,EUR,PLN,4.1738
2018-02-24,EUR,PLN,4.1738
2018-02-25,EUR,PLN,4.1738
2018-02-26,EUR,PLN,4.1717
2018-02-27,EUR,PLN,4.1700
2018-02-28,EUR,PLN,4.1779
2018-03-01,EUR,PLN,4.1854
2018-03-02,EUR,PLN,4.1986
2018-03-03,EUR,PLN,4.1986
2018-03-04,EUR,PLN,4.1986
2018-03-05,EUR,PLN,4.1895
2018-03-06,EUR,PLN,4.1891
2018-03-07,EUR,PLN,4.1922
2018-03-08,EUR,PLN,4.2024
2018-03-09,EUR,PLN,4.1989
2018-03-10,EUR,PLN,4.1989
2018-03-11,EUR,PLN,4.1989
2018-03-12,EUR,PLN,4.1942
2018-03-13,EUR,PLN,4.2097
2018-03-14,EUR,PLN,4.2114
2018-03-15,EUR,PLN,4.2168
2018-03-16,EUR,PLN,4.2162
2018-03-17,EUR,PLN,4.2162
2018-03-18,EUR,PLN,4.2162
2018-03-19,EUR,PLN,4.2176
2018-03-20,EUR,PLN,4.2242
2018-03-21,EUR,PLN,4.2416
2018-03-22,EUR,PLN,4.2261
2018-03-23,EUR,PLN,4.2295
2018-03-24,EUR,PLN,4.2295
2018-03-25,EUR,PLN,4.2295
2018-03-26,EUR,PLN,4.2316
2018-03-27,EUR,PLN,4.2164
2018-03-28,EUR,PLN,4.2097
2018-03-29,EUR,PLN,4.2093
2018-03-30,EUR,PLN,4.2085
2018-03-31,EUR,PLN,4.2085
2018-04-01,EUR,PLN,4.2085
2018-04-02,EUR,PLN,4.2085
2018-04-03,EUR,PLN,4.2094
2018-04-04,EUR,PLN,4.2065
2018-04-05,EUR,PLN,4.2070
2018-04-06,EUR,PLN,4.1984
2018-04-07,EUR,PLN,4.1984
2018-04-08,EUR,PLN,4.1984
2018-04-09,EUR,PLN,4.1967
2018-04-10,EUR,PLN,4.1990
2018-04-11,EUR,PLN,4.1911
2018-04-12,EUR,PLN,4.1882
2018-04-13,EUR,PLN,4.1769
2018-04-14,EUR,PLN,4.1769
2018-04-15,EUR,PLN,4.1769
2018-04-16,EUR,PLN,4.1628
2018-04-17,EUR,PLN,4.1582
2018-04-18,EUR,PLN,4.1677
2018-04-19,EUR,PLN,4.1665
2018-04-20,EUR,PLN,4.1724
2018-04-21,EUR,PLN,4.1724
2018-04-22,EUR,PLN,4.1724
2018-04-23,EUR,PLN,4.1802
2018-04-24,EUR,PLN,4.1980
2018-04-25,EUR,PLN,4.2159
2018-04-26,EUR,PLN,4.2392
2018-04-27,EUR,PLN,4.2259
2018-04-28,EUR,PLN,4.2259
2018-04-29,EUR,PLN,4.2259
2018-04-30,EUR,PLN,4.2204
2018-05-01,EUR,PLN,4.2204
2018-05-02,EUR,PLN,4.2675
2018-05-03,EUR,PLN,4.2675
2018-05-04,EUR,PLN,4.2771
2018-05-05,EUR,PLN,4.2771
2018-05-06,EUR,PLN,4.2771
2018-05-07,EUR,PLN,4.2513
2018-05-08,EUR,PLN,4.2662
2018-05-09,EUR,PLN,4.2790
2018-05-10,EUR,PLN,4.2473
2018-05-11,EUR,PLN,4.2569
2018-05-12,EUR,PLN,4.2569
2018-05-13,EUR,PLN,4.2569
2018-05-14,EUR,PLN,4.2615
2018-05-15,EUR,PLN,4.2823
2018-05-16,EUR,PLN,4.2893
2018-05-17,EUR,PLN,4.2868
2018-05-18,EUR,PLN,4.2958
2018-05-19,EUR,PLN,4.2958
2018-05-20,EUR,PLN,4.2958
2018-05-21,EUR,PLN,4.2991
2018-05-22,EUR,PLN,4.2812
2018-05-23,EUR,PLN,4.3037
2018-05-24,EUR,PLN,4.2953
2018-05-25,EUR,PLN,4.3022
2018-05-26,EUR,PLN,4.3022
2018-05-27,EUR,PLN,4.3022
2018-05-28,EUR,PLN,4.3031
2018-05-29,EUR,PLN,4.3056
2018-05-30,EUR,PLN,4.3195
2018-05-31,EUR,PLN,4.3195
2018-06-01,EUR,PLN,4.3146
2018-06-02,EUR,PLN,4.3146
2018-06-03,EUR,PLN,4.3146
2018-06-04,EUR,PLN,4.2931
2018-06-05,EUR,PLN,4.2804
2018-06-06,EUR,PLN,4.2829
2018-06-07,EUR,PLN,4.2634
2018-06-08,EUR,PLN,4.2912
2018-06-09,EUR,PLN,4.2912
2018-06-10,EUR,PLN,4.2912
2018-06-11,EUR,PLN,4.2717
2018-06-12,EUR,PLN,4.2776
2018-06-13,EUR,PLN,4.2820
2018-06-14,EUR,PLN,4.2757
2018-06-15,EUR,PLN,4.2802
2018-06-16,EUR,PLN,4.2802
2018-06-17,EUR,PLN,4.2802
2018-06-18,EUR,PLN,4.2887
2018-06-19,EUR,PLN,4.3113
2018-06-20,EUR,PLN,4.3171
2018-06-21,EUR,PLN,4.3323
2018-06-22,EUR,PLN,4.3149
2018-06-23,EUR,PLN,4.3149
2018-06-24,EUR,PLN,4.3149
2018-06-25,EUR,PLN,4.3242
2018-06-26,EUR,PLN,4.3372
2018-06-27,EUR,PLN,4.3430
2018-06-28,EUR,PLN,4.3566
2018-06-29,EUR,PLN,4.3616
2018-06-30,EUR,PLN,4.3616
2018-07-01,EUR,PLN,4.3616
2018-07-02,EUR,PLN,4.3899
2018-07-03,EUR,PLN,4.3978
2018-07-04,EUR,PLN,4.3969
2018-07-05,EUR,PLN,4.3833
2018-07-06,EUR,PLN,4.3600
2018-07-07,EUR,PLN,4.3600
2018-07-08,EUR,PLN,4.3600
2018-07-09,EUR,PLN,4.3380
2018-07-10,EUR,PLN,4.3356
2018-07-11,EUR,PLN,4.3322
2018-07-12,EUR,PLN,4.3262
2018-07-13,EUR,PLN,4.3302
2018-07-14,EUR,PLN,4.3302
2018-07-15,EUR,PLN,4.3302
2018-07-16,EUR,PLN,4.3076
2018-07-17,EUR,PLN,4.2998
2018-07-18,EUR,PLN,4.3036
2018-07-19,EUR,PLN,4.3155
2018-07-20,EUR,PLN,4.3275
2018-07-21,EUR,PLN,4.3275
2018-07-22,EUR,PLN,4.3275
2018-07-23,EUR,PLN,4.3262
2018-07-24,EUR,PLN,4.3256
2018-07-25,EUR,PLN,4.3035
2018-07-26,EUR,PLN,4.2927
2018-07-27,EUR,PLN,4.2945
2018-07-28,EUR,PLN,4.2945
2018-07-29,EUR,PLN,4.2945
2018-07-30,EUR,PLN,4.2836
2018-07-31,EUR,PLN,4.2779
2018-08-01,EUR,PLN,4.2758
2018-08-02,EUR,PLN,4.2745
2018-08-03,EUR,PLN,4.2758
2018-08-04,EUR,PLN,4.2758
2018-08-05,EUR,PLN,4.2758
2018-08-06,EUR,PLN,4.2672
2018-08-07,EUR,PLN,4.2554
2018-08-08,EUR,PLN,4.2619
2018-08-09,EUR,PLN,4.2715
2018-08-10,EUR,PLN,4.2942
2018-08-11,EUR,PLN,4.2942
2018-08-12,EUR,PLN,4.2942
2018-08-13,EUR,PLN,4.3094
2018-08-14,EUR,PLN,4.3001
2018-08-15,EUR,PLN,4.3001
2018-08-16,EUR,PLN,4.3105
2018-08-17,EUR,PLN,4.3061
2018-08-18,EUR,PLN,4.3061
2018-08-19,EUR,PLN,4.3061
2018-08-20,EUR,PLN,4.2997
2018-08-21,EUR,PLN,4.3101
2018-08-22,EUR,PLN,4.2937
2018-08-23,EUR,PLN,4.2868
2018-08-24,EUR,PLN,4.2801
2018-08-25,EUR,PLN,4.2801
2018-08-26,EUR,PLN,4.2801
2018-08-27,EUR,PLN,4.2748
2018-08-28,EUR,PLN,4.2732
2018-08-29,EUR,PLN,4.2871
2018-08-30,EUR,PLN,4.2917
2018-08-31,EUR,PLN,4.2953
2018-09-01,EUR,PLN,4.2953
2018-09-02,EUR,PLN,4.2953
2018-09-03,EUR,PLN,4.2954
2018-09-04,EUR,PLN,4.3073
2018-09-05,EUR,PLN,4.3183
2018-09-06,EUR,PLN,4.3218
2018-09-07,EUR,PLN,4.3079
2018-09-08,EUR,PLN,4.3079
2018-09-09,EUR,PLN,4.3079
2018-09-10,EUR,PLN,4.3138
2018-09-11,EUR,PLN,4.3077
2018-09-12,EUR,PLN,4.3103
2018-09-13,EUR,PLN,4.3126
2018-09-14,EUR,PLN,4.3093
2018-09-15,EUR,PLN,4.3093
2018-09-16,EUR,PLN,4.3093
2018-09-17,EUR,PLN,4.2968
2018-09-18,EUR,PLN,4.3030
2018-09-19,EUR,PLN,4.2929
2018-09-20,EUR,PLN,4.2912
2018-09-21,EUR,PLN,4.2929
2018-09-22,EUR,PLN,4.2929
2018-09-23,EUR,PLN,4.2929
2018-09-24,EUR,PLN,4.3092
2018-09-25,EUR,PLN,4.2939
2018-09-26,EUR,PLN,4.2865
2018-09-27,EUR,PLN,4.2814
2018-09-28,EUR,PLN,4.2714
2018-09-29,EUR,PLN,4.2714
2018-09-30,EUR,PLN,4.2714
2018-10-01,EUR,PLN,4.2795
2018-10-02,EUR,PLN,4.2975
2018-10-03,EUR,PLN,4.2949
2018-10-04,EUR,PLN,4.3090
2018-10-05,EUR,PLN,4.3117
2018-10-06,EUR,PLN,4.3117
2018-10-07,EUR,PLN,4.3117
2018-10-08,EUR,PLN,4.3112
2018-10-09,EUR,PLN,4.3190
2018-10-10,EUR,PLN,4.3082
2018-10-11,EUR,PLN,4.3179
2018-10-12,EUR,PLN,4.3022
2018-10-13,EUR,PLN,4.3022
2018-10-14,EUR,PLN,4.3022
2018-10-15,EUR,PLN,4.2927
2018-10-16,EUR,PLN,4.2919
2018-10-17,EUR,PLN,4.2936
2018-10-18,EUR,PLN,4.2966
2018-10-19,EUR,PLN,4.3049
2018-10-20,EUR,PLN,4.3049
2018-10-21,EUR,PLN,4.3049
2018-10-22,EUR,PLN,4.2922
2018-10-23,EUR,PLN,4.2984
2018-10-24,EUR,PLN,4.3036
2018-10-25,EUR,PLN,4.3123
2018-10-26,EUR,PLN,4.3125
2018-10-27,EUR,PLN,4.3125
2018-10-28,EUR,PLN,4.3125
2018-10-29,EUR,PLN,4.3164
2018-10-30,EUR,PLN,4.3258
2018-10-31,EUR,PLN,4.3313
2018-11-01,EUR,PLN,4.3313
2018-11-02,EUR,PLN,4.3244
2018-11-03,EUR,PLN,4.3244
2018-11-04,EUR,PLN,4.3244
2018-11-05,EUR,PLN,4.3144
2018-11-06,EUR,PLN,4.3115
2018-11-07,EUR,PLN,4.2972
2018-11-08,EUR,PLN,4.2951
2018-11-09,EUR,PLN,4.2901
2018-11-10,EUR,PLN,4.2901
2018-11-11,EUR,PLN,4.2901
2018-11-12,EUR,PLN,4.2962
2018-11-13,EUR,PLN,4.2994
2018-11-14,EUR,PLN,4.2954
2018-11-15,EUR,PLN,4.2970
2018-11-16,EUR,PLN,4.2950
2018-11-17,EUR,PLN,4.2950
2018-11-18,EUR,PLN,4.2950
2018-11-19,EUR,PLN,4.3242
2018-11-20,EUR,PLN,4.3314
2018-11-21,EUR,PLN,4.3070
2018-11-22,EUR,PLN,4.3064
2018-11-23,EUR,PLN,4.2972
2018-11-24,EUR,PLN,4.2972
2018-11-25,EUR,PLN,4.2972
2018-11-26,EUR,PLN,4.2883
2018-11-27,EUR,PLN,4.2919
2018-11-28,EUR,PLN,4.2994
2018-11-29,EUR,PLN,4.2900
2018-11-30,EUR,PLN,4.2904
2018-12-01,EUR,PLN,4.2904
2018-12-02,EUR,PLN,4.2904
2018-12-03,EUR,PLN,4.2818
2018-12-04,EUR,PLN,4.2810
2018-12-05,EUR,PLN,4.2896
2018-12-06,EUR,PLN,4.2919
2018-12-07,EUR,PLN,4.2845
2018-12-08,EUR,PLN,4.2845
2018-12-09,EUR,PLN,4.2845
2018-12-10,EUR,PLN,4.2911
2018-12-11,EUR,PLN,4.2982
2018-12-12,EUR,PLN,4.2993
2018-12-13,EUR,PLN,4.2937
2018-12-14,EUR,PLN,4.3021
2018-12-15,EUR,PLN,4.3021
2018-12-16,EUR,PLN,4.3021
2018-12-17,EUR,PLN,4.2906
2018-12-18,EUR,PLN,4.2853
2018-12-19,EUR,PLN,4.2846
2018-12-20,EUR,PLN,4.2849
2018-12-21,EUR,PLN,4.2889
2018-12-22,EUR,PLN,4.2889
2018-12-23,EUR,PLN,4.2889
2018-12-24,EUR,PLN,4.2832
2018-12-25,EUR,PLN,4.2832
2018-12-26,EUR,PLN,4.2832
2018-12-27,EUR,PLN,4.2860
2018-12-28,EUR,PLN,4.2969
2018-12-29,EUR,PLN,4.2969
2018-12-30,EUR,PLN,4.2969
2018-12-31,EUR,PLN,4.3000
2019-01-01,EUR,PLN,4.3000
2019-01-02,EUR,PLN,4.3016
2019-01-03,EUR,PLN,4.3030
2019-01-04,EUR,PLN,4.3018
2019-01-05,EUR,PLN,4.3018
2019-01-06,EUR,PLN,4.3018
2019-01-07,EUR,PLN,4.2989
2019-01-08,EUR,PLN,4.3013
2019-01-09,EUR,PLN,4.2989
2019-01-10,EUR,PLN,4.3055
2019-01-11,EUR,PLN,4.2957
2019-01-12,EUR,PLN,4.2957
2019-01-13,EUR,PLN,4.2957
2019-01-14,EUR,PLN,4.2936
2019-01-15,EUR,PLN,4.2922
2019-01-16,EUR,PLN,4.2929
2019-01-17,EUR,PLN,4.2875
2019-01-18,EUR,PLN,4.2964
2019-01-19,EUR,PLN,4.2964
2019-01-20,EUR,PLN,4.2964
2019-01-21,EUR,PLN,4.2928
2019-01-22,EUR,PLN,4.2862
2019-01-23,EUR,PLN,4.2867
2019-01-24,EUR,PLN,4.2942
2019-01-25,EUR,PLN,4.2935
2019-01-26,EUR,PLN,4.2935
2019-01-27,EUR,PLN,4.2935
2019-01-28,EUR,PLN,4.2885
2019-01-29,EUR,PLN,4.2974
2019-01-30,EUR,PLN,4.2952
2019-01-31,EUR,PLN,4.2802
2019-02-01,EUR,PLN,4.2706
2019-02-02,EUR,PLN,4.2706
2019-02-03,EUR,PLN,4.2706
2019-02-04,EUR,PLN,4.2813
2019-02-05,EUR,PLN,4.2869
2019-02-06,EUR,PLN,4.2936
2019-02-07,EUR,PLN,4.3019
2019-02-08,EUR,PLN,4.3082
2019-02-09,EUR,PLN,4.3082
2019-02-10,EUR,PLN,4.3082
2019-02-11,EUR,PLN,4.3172
2019-02-12,EUR,PLN,4.3268
2019-02-13,EUR,PLN,4.3312
2019-02-14,EUR,PLN,4.3394
2019-02-15,EUR,PLN,4.3243
2019-02-16,EUR,PLN,4.3243
2019-02-17,EUR,PLN,4.3243
2019-02-18,EUR,PLN,4.3317
2019-02-19,EUR,PLN,4.3303
2019-02-20,EUR,PLN,4.3371
2019-02-21,EUR,PLN,4.3322
2019-02-22,EUR,PLN,4.3387
2019-02-23,EUR,PLN,4.3387
2019-02-24,EUR,PLN,4.3387
2019-02-25,EUR,PLN,4.3402
2019-02-26,EUR,PLN,4.3338
2019-02-27,EUR,PLN,4.3173
2019-02-28,EUR,PLN,4.3120
2019-03-01,EUR,PLN,4.3079
2019-03-02,EUR,PLN,4.3079
2019-03-03,EUR,PLN,4.3079
2019-03-04,EUR,PLN,4.2984
2019-03-05,EUR,PLN,4.3018
2019-03-06,EUR,PLN,4.2992
2019-03-07,EUR,PLN,4.3019
2019-03-08,EUR,PLN,4.3068
2019-03-09,EUR,PLN,4.3068
2019-03-10,EUR,PLN,4.3068
2019-03-11,EUR,PLN,4.2983
2019-03-12,EUR,PLN,4.2976
2019-03-13,EUR,PLN,4.3006
2019-03-14,EUR,PLN,4.3015
2019-03-15,EUR,PLN,4.3037
2019-03-16,EUR,PLN,4.3037
2019-03-17,EUR,PLN,4.3037
2019-03-18,EUR,PLN,4.2993
2019-03-19,EUR,PLN,4.2940
2019-03-20,EUR,PLN,4.2864
2019-03-21,EUR,PLN,4.2870
2019-03-22,EUR,PLN,4.2894
2019-03-23,EUR,PLN,4.2894
2019-03-24,EUR,PLN,4.2894
2019-03-25,EUR,PLN,4.2978
2019-03-26,EUR,PLN,4.2970
2019-03-27,EUR,PLN,4.2991
2019-03-28,EUR,PLN,4.2998
2019-03-29,EUR,PLN,4.3013
2019-03-30,EUR,PLN,4.3013
2019-03-31,EUR,PLN,4.3013
2019-04-01,EUR,PLN,4.3035
2019-04-02,EUR,PLN,4.3004
2019-04-03,EUR,PLN,4.2941
2019-04-04,EUR,PLN,4.2921
2019-04-05,EUR,PLN,4.2921
2019-04-06,EUR,PLN,4.2921
2019-04-07,EUR,PLN,4.2921
2019-04-08,EUR,PLN,4.2897
2019-04-09,EUR,PLN,4.2871
2019-04-10,EUR,PLN,4.2852
2019-04-11,EUR,PLN,4.2821
2019-04-12,EUR,PLN,4.2847
2019-04-13,EUR,PLN,4.2847
2019-04-14,EUR,PLN,4.2847
2019-04-15,EUR,PLN,4.2770
2019-04-16,EUR,PLN,4.2737
2019-04-17,EUR,PLN,4.2750
2019-04-18,EUR,PLN,4.2790
2019-04-19,EUR,PLN,4.2802
2019-04-20,EUR,PLN,4.2802
2019-04-21,EUR,PLN,4.2802
2019-04-22,EUR,PLN,4.2802
2019-04-23,EUR,PLN,4.2886
2019-04-24,EUR,PLN,4.2895
2019-04-25,EUR,PLN,4.2959
2019-04-26,EUR,PLN,4.2906
2019-04-27,EUR,PLN,4.2906
2019-04-28,EUR,PLN,4.2906
2019-04-29,EUR,PLN,4.2950
2019-04-30,EUR,PLN,4.2911
2019-05-01,EUR,PLN,4.2911
2019-05-02,EUR,PLN,4.2795
2019-05-03,EUR,PLN,4.2795
2019-05-04,EUR,PLN,4.2795
2019-05-05,EUR,PLN,4.2795
2019-05-06,EUR,PLN,4.2847
2019-05-07,EUR,PLN,4.2858
2019-05-08,EUR,PLN,4.2914
2019-05-09,EUR,PLN,4.2977
2019-05-10,EUR,PLN,4.2955
2019-05-11,EUR,PLN,4.2955
2019-05-12,EUR,PLN,4.2955
2019-05-13,EUR,PLN,4.3029
2019-05-14,EUR,PLN,4.3085
2019-05-15,EUR,PLN,4.3128
2019-05-16,EUR,PLN,4.2929
2019-05-17,EUR,PLN,4.3072
2019-05-18,EUR,PLN,4.3072
2019-05-19,EUR,PLN,4.3072
2019-05-20,EUR,PLN,4.2995
2019-05-21,EUR,PLN,4.3055
2019-05-22,EUR,PLN,4.3098
2019-05-23,EUR,PLN,4.3107
2019-05-24,EUR,PLN,4.2989
2019-05-25,EUR,PLN,4.2989
2019-05-26,EUR,PLN,4.2989
2019-05-27,EUR,PLN,4.2952
2019-05-28,EUR,PLN,4.2967
2019-05-29,EUR,PLN,4.3007
2019-05-30,EUR,PLN,4.2919
2019-05-31,EUR,PLN,4.2916
2019-06-01,EUR,PLN,4.2916
2019-06-02,EUR,PLN,4.2916
2019-06-03,EUR,PLN,4.2809
2019-06-04,EUR,PLN,4.2788
2019-06-05,EUR,PLN,4.2782
2019-06-06,EUR,PLN,4.2783
2019-06-07,EUR,PLN,4.2762
2019-06-08,EUR,PLN,4.2762
2019-06-09,EUR,PLN,4.2762
2019-06-10,EUR,PLN,4.2640
2019-06-11,EUR,PLN,4.2675
2019-06-12,EUR,PLN,4.2650
2019-06-13,EUR,PLN,4.2610
2019-06-14,EUR,PLN,4.2554
2019-06-15,EUR,PLN,4.2554
2019-06-16,EUR,PLN,4.2554
2019-06-17,EUR,PLN,4.2599
2019-06-18,EUR,PLN,4.2631
2019-06-19,EUR,PLN,4.2673
2019-06-20,EUR,PLN,4.2673
2019-06-21,EUR,PLN,4.2622
2019-06-22,EUR,PLN,4.2622
2019-06-23,EUR,PLN,4.2622
2019-06-24,EUR,PLN,4.2538
2019-06-25,EUR,PLN,4.2554
2019-06-26,EUR,PLN,4.2642
2019-06-27,EUR,PLN,4.2561
2019-06-28,EUR,PLN,4.2520
2019-06-29,EUR,PLN,4.2520
2019-06-30,EUR,PLN,4.2520
2019-07-01,EUR,PLN,4.2406
2019-07-02,EUR,PLN,4.2457
2019-07-03,EUR,PLN,4.2442
2019-07-04,EUR,PLN,4.2427
2019-07-05,EUR,PLN,4.2445
2019-07-06,EUR,PLN,4.2445
2019-07-07,EUR,PLN,4.2445
2019-07-08,EUR,PLN,4.2519
2019-07-09,EUR,PLN,4.2637
2019-07-10,EUR,PLN,4.2729
2019-07-11,EUR,PLN,4.2682
2019-07-12,EUR,PLN,4.2669
2019-07-13,EUR,PLN,4.2669
2019-07-14,EUR,PLN,4.2669
2019-07-15,EUR,PLN,4.2673
2019-07-16,EUR,PLN,4.2582
2019-07-17,EUR,PLN,4.2644
2019-07-18,EUR,PLN,4.2635
2019-07-19,EUR,PLN,4.2592
2019-07-20,EUR,PLN,4.2592
2019-07-21,EUR,PLN,4.2592
2019-07-22,EUR,PLN,4.2480
2019-07-23,EUR,PLN,4.2492
2019-07-24,EUR,PLN,4.2581
2019-07-25,EUR,PLN,4.2514
2019-07-26,EUR,PLN,4.2645
2019-07-27,EUR,PLN,4.2645
2019-07-28,EUR,PLN,4.2645
2019-07-29,EUR,PLN,4.2773
2019-07-30,EUR,PLN,4.2906
2019-07-31,EUR,PLN,4.2911
2019-08-01,EUR,PLN,4.2931
2019-08-02,EUR,PLN,4.3085
2019-08-03,EUR,PLN,4.3085
2019-08-04,EUR,PLN,4.3085
2019-08-05,EUR,PLN,4.3182
2019-08-06,EUR,PLN,4.3096
2019-08-07,EUR,PLN,4.3194
2019-08-08,EUR,PLN,4.3220
2019-08-09,EUR,PLN,4.3225
2019-08-10,EUR,PLN,4.3225
2019-08-11,EUR,PLN,4.3225
2019-08-12,EUR,PLN,4.3262
2019-08-13,EUR,PLN,4.3327
2019-08-14,EUR,PLN,4.3463
2019-08-15,EUR,PLN,4.3463
2019-08-16,EUR,PLN,4.3543
2019-08-17,EUR,PLN,4.3543
2019-08-18,EUR,PLN,4.3543
2019-08-19,EUR,PLN,4.3519
2019-08-20,EUR,PLN,4.3656
2019-08-21,EUR,PLN,4.3513
2019-08-22,EUR,PLN,4.3660
2019-08-23,EUR,PLN,4.3572
2019-08-24,EUR,PLN,4.3572
2019-08-25,EUR,PLN,4.3572
2019-08-26,EUR,PLN,4.3719
2019-08-27,EUR,PLN,4.3684
2019-08-28,EUR,PLN,4.3857
2019-08-29,EUR,PLN,4.3845
2019-08-30,EUR,PLN,4.3844
2019-08-31,EUR,PLN,4.3844
2019-09-01,EUR,PLN,4.3844
2019-09-02,EUR,PLN,4.3691
2019-09-03,EUR,PLN,4.3667
2019-09-04,EUR,PLN,4.3385
2019-09-05,EUR,PLN,4.3409
2019-09-06,EUR,PLN,4.3392
2019-09-07,EUR,PLN,4.3392
2019-09-08,EUR,PLN,4.3392
2019-09-09,EUR,PLN,4.3373
2019-09-10,EUR,PLN,4.3350
2019-09-11,EUR,PLN,4.3357
2019-09-12,EUR,PLN,4.3400
2019-09-13,EUR,PLN,4.3396
2019-09-14,EUR,PLN,4.3396
2019-09-15,EUR,PLN,4.3396
2019-09-16,EUR,PLN,4.3262
2019-09-17,EUR,PLN,4.3410
2019-09-18,EUR,PLN,4.3419
2019-09-19,EUR,PLN,4.3425
2019-09-20,EUR,PLN,4.3438
2019-09-21,EUR,PLN,4.3438
2019-09-22,EUR,PLN,4.3438
2019-09-23,EUR,PLN,4.3891
2019-09-24,EUR,PLN,4.3796
2019-09-25,EUR,PLN,4.3844
2019-09-26,EUR,PLN,4.3861
2019-09-27,EUR,PLN,4.3866
2019-09-28,EUR,PLN,4.3866
2019-09-29,EUR,PLN,4.3866
2019-09-30,EUR,PLN,4.3736
2019-10-01,EUR,PLN,4.3734
2019-10-02,EUR,PLN,4.3788
2019-10-03,EUR,PLN,4.3475
2019-10-04,EUR,PLN,4.3311
2019-10-05,EUR,PLN,4.3311
2019-10-06,EUR,PLN,4.3311
2019-10-07,EUR,PLN,4.3304
2019-10-08,EUR,PLN,4.3310
2019-10-09,EUR,PLN,4.3257
2019-10-10,EUR,PLN,4.3217
2019-10-11,EUR,PLN,4.3097
2019-10-12,EUR,PLN,4.3097
2019-10-13,EUR,PLN,4.3097
2019-10-14,EUR,PLN,4.2969
2019-10-15,EUR,PLN,4.2949
2019-10-16,EUR,PLN,4.2970
2019-10-17,EUR,PLN,4.2849
2019-10-18,EUR,PLN,4.2844
2019-10-19,EUR,PLN,4.2844
2019-10-20,EUR,PLN,4.2844
2019-10-21,EUR,PLN,4.2775
2019-10-22,EUR,PLN,4.2792
2019-10-23,EUR,PLN,4.2778
2019-10-24,EUR,PLN,4.2800
2019-10-25,EUR,PLN,4.2762
2019-10-26,EUR,PLN,4.2762
2019-10-27,EUR,PLN,4.2762
2019-10-28,EUR,PLN,4.2732
2019-10-29,EUR,PLN,4.2757
2019-10-30,EUR,PLN,4.2655
2019-10-31,EUR,PLN,4.2617
2019-11-01,EUR,PLN,4.2617
2019-11-02,EUR,PLN,4.2617
2019-11-03,EUR,PLN,4.2617
2019-11-04,EUR,PLN,4.2539
2019-11-05,EUR,PLN,4.2631
2019-11-06,EUR,PLN,4.2697
2019-11-07,EUR,PLN,4.2653
2019-11-08,EUR,PLN,4.2638
2019-11-09,EUR,PLN,4.2638
2019-11-10,EUR,PLN,4.2638
2019-11-11,EUR,PLN,4.2638
2019-11-12,EUR,PLN,4.2788
2019-11-13,EUR,PLN,4.2850
2019-11-14,EUR,PLN,4.2916
2019-11-15,EUR,PLN,4.2807
2019-11-16,EUR,PLN,4.2807
2019-11-17,EUR,PLN,4.2807
2019-11-18,EUR,PLN,4.2884
2019-11-19,EUR,PLN,4.2928
2019-11-20,EUR,PLN,4.2917
2019-11-21,EUR,PLN,4.2948
2019-11-22,EUR,PLN,4.2975
2019-11-23,EUR,PLN,4.2975
2019-11-24,EUR,PLN,4.2975
2019-11-25,EUR,PLN,4.2990
2019-11-26,EUR,PLN,4.2999
2019-11-27,EUR,PLN,4.3107
2019-11-28,EUR,PLN,4.3230
2019-11-29,EUR,PLN,4.3236
2019-11-30,EUR,PLN,4.3236
2019-12-01,EUR,PLN,4.3236
2019-12-02,EUR,PLN,4.3008
2019-12-03,EUR,PLN,4.2900
2019-12-04,EUR,PLN,4.2792
2019-12-05,EUR,PLN,4.2777
2019-12-06,EUR,PLN,4.2721
2019-12-07,EUR,PLN,4.2721
2019-12-08,EUR,PLN,4.2721
2019-12-09,EUR,PLN,4.2830
2019-12-10,EUR,PLN,4.2880
2019-12-11,EUR,PLN,4.2851
2019-12-12,EUR,PLN,4.2846
2019-12-13,EUR,PLN,4.2747
2019-12-14,EUR,PLN,4.2747
2019-12-15,EUR,PLN,4.2747
2019-12-16,EUR,PLN,4.2659
2019-12-17,EUR,PLN,4.2605
2019-12-18,EUR,PLN,4.2644
2019-12-19,EUR,PLN,4.2632
2019-12-20,EUR,PLN,4.2604
2019-12-21,EUR,PLN,4.2604
2019-12-22,EUR,PLN,4.2604
2019-12-23,EUR,PLN,4.2554
2019-12-24,EUR,PLN,4.2624
2019-12-25,EUR,PLN,4.2624
2019-12-26,EUR,PLN,4.2624
2019-12-27,EUR,PLN,4.2624
2019-12-28,EUR,PLN,4.2624
2019-12-29,EUR,PLN,4.2624
2019-12-30,EUR,PLN,4.2588
2019-12-31,EUR,PLN,4.2585
2020-01-01,EUR,PLN,4.2585
2020-01-02,EUR,PLN,4.2571
2020-01-03,EUR,PLN,4.2569
2020-01-04,EUR,PLN,4.2569
2020-01-05,EUR,PLN,4.2569
2020-01-06,EUR,PLN,4.2569
2020-01-07,EUR,PLN,4.2347
2020-01-08,EUR,PLN,4.2465
2020-01-09,EUR,PLN,4.2459
2020-01-10,EUR,PLN,4.2467
2020-01-11,EUR,PLN,4.2467
2020-01-12,EUR,PLN,4.2467
2020-01-13,EUR,PLN,4.2353
2020-01-14,EUR,PLN,4.2323
2020-01-15,EUR,PLN,4.2279
2020-01-16,EUR,PLN,4.2348
2020-01-17,EUR,PLN,4.2344
2020-01-18,EUR,PLN,4.2344
2020-01-19,EUR,PLN,4.2344
2020-01-20,EUR,PLN,4.2447
2020-01-21,EUR,PLN,4.2459
2020-01-22,EUR,PLN,4.2370
2020-01-23,EUR,PLN,4.2463
2020-01-24,EUR,PLN,4.2461
2020-01-25,EUR,PLN,4.2461
2020-01-26,EUR,PLN,4.2461
2020-01-27,EUR,PLN,4.2679
2020-01-28,EUR,PLN,4.2794
2020-01-29,EUR,PLN,4.2766
2020-01-30,EUR,PLN,4.2813
2020-01-31,EUR,PLN,4.3010
2020-02-01,EUR,PLN,4.3010
2020-02-02,EUR,PLN,4.3010
2020-02-03,EUR,PLN,4.3034
2020-02-04,EUR,PLN,4.2867
2020-02-05,EUR,PLN,4.2620
2020-02-06,EUR,PLN,4.2535
2020-02-07,EUR,PLN,4.2664
2020-02-08,EUR,PLN,4.2664
2020-02-09,EUR,PLN,4.2664
2020-02-10,EUR,PLN,4.2699
2020-02-11,EUR,PLN,4.2609
2020-02-12,EUR,PLN,4.2599
2020-02-13,EUR,PLN,4.2557
2020-02-14,EUR,PLN,4.2402
2020-02-15,EUR,PLN,4.2402
2020-02-16,EUR,PLN,4.2402
2020-02-17,EUR,PLN,4.2502
2020-02-18,EUR,PLN,4.2714
2020-02-19,EUR,PLN,4.2732
2020-02-20,EUR,PLN,4.2789
2020-02-21,EUR,PLN,4.2831
2020-02-22,EUR,PLN,4.2831
2020-02-23,EUR,PLN,4.2831
2020-02-24,EUR,PLN,4.3017
2020-02-25,EUR,PLN,4.2996
2020-02-26,EUR,PLN,4.3093
2020-02-27,EUR,PLN,4.3100
2020-02-28,EUR,PLN,4.3355
2020-02-29,EUR,PLN,4.3355
2020-03-01,EUR,PLN,4.3355
2020-03-02,EUR,PLN,4.3237
2020-03-03,EUR,PLN,4.3173
2020-03-04,EUR,PLN,4.2993
2020-03-05,EUR,PLN,4.2994
2020-03-06,EUR,PLN,4.3178
2020-03-07,EUR,PLN,4.3178
2020-03-08,EUR,PLN,4.3178
2020-03-09,EUR,PLN,4.3176
2020-03-10,EUR,PLN,4.3200
2020-03-11,EUR,PLN,4.3167
2020-03-12,EUR,PLN,4.3451
2020-03-13,EUR,PLN,4.3618
2020-03-14,EUR,PLN,4.3618
2020-03-15,EUR,PLN,4.3618
2020-03-16,EUR,PLN,4.3911
2020-03-17,EUR,PLN,4.4886
2020-03-18,EUR,PLN,4.4806
2020-03-19,EUR,PLN,4.5917
2020-03-20,EUR,PLN,4.5459
2020-03-21,EUR,PLN,4.5459
2020-03-22,EUR,PLN,4.5459
2020-03-23,EUR,PLN,4.5571
2020-03-24,EUR,PLN,4.6044
2020-03-25,EUR,PLN,4.5779
2020-03-26,EUR,PLN,4.5962
2020-03-27,EUR,PLN,4.5246
2020-03-28,EUR,PLN,4.5246
2020-03-29,EUR,PLN,4.5246
2020-03-30,EUR,PLN,4.5395
2020-03-31,EUR,PLN,4.5523
2020-04-01,EUR,PLN,4.5694
2020-04-02,EUR,PLN,4.5769
2020-04-03,EUR,PLN,4.5792
2020-04-04,EUR,PLN,4.5792
2020-04-05,EUR,PLN,4.5792
2020-04-06,EUR,PLN,4.5612
2020-04-07,EUR,PLN,4.5342
2020-04-08,EUR,PLN,4.5362
2020-04-09,EUR,PLN,4.5370
2020-04-10,EUR,PLN,4.5484
2020-04-11,EUR,PLN,4.5484
2020-04-12,EUR,PLN,4.5484
2020-04-13,EUR,PLN,4.5484
2020-04-14,EUR,PLN,4.5512
2020-04-15,EUR,PLN,4.5389
2020-04-16,EUR,PLN,4.5326
2020-04-17,EUR,PLN,4.5367
2020-04-18,EUR,PLN,4.5367
2020-04-19,EUR,PLN,4.5367
2020-04-20,EUR,PLN,4.5175
2020-04-21,EUR,PLN,4.5276
2020-04-22,EUR,PLN,4.5329
2020-04-23,EUR,PLN,4.5444
2020-04-24,EUR,PLN,4.5330
2020-04-25,EUR,PLN,4.5330
2020-04-26,EUR,PLN,4.5330
2020-04-27,EUR,PLN,4.5240
2020-04-28,EUR,PLN,4.5399
2020-04-29,EUR,PLN,4.5432
2020-04-30,EUR,PLN,4.5424
2020-05-01,EUR,PLN,4.5424
2020-05-02,EUR,PLN,4.5424
2020-05-03,EUR,PLN,4.5424
2020-05-04,EUR,PLN,4.5582
2020-05-05,EUR,PLN,4.5476
2020-05-06,EUR,PLN,4.5390
2020-05-07,EUR,PLN,4.5505
2020-05-08,EUR,PLN,4.5577
2020-05-09,EUR,PLN,4.5577
2020-05-10,EUR,PLN,4.5577
2020-05-11,EUR,PLN,4.5572
2020-05-12,EUR,PLN,4.5549
2020-05-13,EUR,PLN,4.5661
2020-05-14,EUR,PLN,4.5693
2020-05-15,EUR,PLN,4.5552
2020-05-16,EUR,PLN,4.5552
2020-05-17,EUR,PLN,4.5552
2020-05-18,EUR,PLN,4.5644
2020-05-19,EUR,PLN,4.5610
2020-05-20,EUR,PLN,4.5540
2020-05-21,EUR,PLN,4.5365
2020-05-22,EUR,PLN,4.5234
2020-05-23,EUR,PLN,4.5234
2020-05-24,EUR,PLN,4.5234
2020-05-25,EUR,PLN,4.5111
2020-05-26,EUR,PLN,4.4800
2020-05-27,EUR,PLN,4.4378
2020-05-28,EUR,PLN,4.4264
2020-05-29,EUR,PLN,4.4503
2020-05-30,EUR,PLN,4.4503
2020-05-31,EUR,PLN,4.4503
2020-06-01,EUR,PLN,4.4202
2020-06-02,EUR,PLN,4.3902
2020-06-03,EUR,PLN,4.3859
2020-06-04,EUR,PLN,4.4347
2020-06-05,EUR,PLN,4.4443
2020-06-06,EUR,PLN,4.4443
2020-06-07,EUR,PLN,4.4443
2020-06-08,EUR,PLN,4.4291
2020-06-09,EUR,PLN,4.4436
2020-06-10,EUR,PLN,4.4544
2020-06-11,EUR,PLN,4.4544
2020-06-12,EUR,PLN,4.4506
2020-06-13,EUR,PLN,4.4506
2020-06-14,EUR,PLN,4.4506
2020-06-15,EUR,PLN,4.4403
2020-06-16,EUR,PLN,4.4278
2020-06-17,EUR,PLN,4.4503
2020-06-18,EUR,PLN,4.4534
2020-06-19,EUR,PLN,4.4573
2020-06-20,EUR,PLN,4.4573
2020-06-21,EUR,PLN,4.4573
2020-06-22,EUR,PLN,4.4524
2020-06-23,EUR,PLN,4.4386
2020-06-24,EUR,PLN,4.4532
2020-06-25,EUR,PLN,4.4495
2020-06-26,EUR,PLN,4.4616
2020-06-27,EUR,PLN,4.4616
2020-06-28,EUR,PLN,4.4616
2020-06-29,EUR,PLN,4.4631
2020-06-30,EUR,PLN,4.4660
2020-07-01,EUR,PLN,4.4465
2020-07-02,EUR,PLN,4.4659
2020-07-03,EUR,PLN,4.4671
2020-07-04,EUR,PLN,4.4671
2020-07-05,EUR,PLN,4.4671
2020-07-06,EUR,PLN,4.4697
2020-07-07,EUR,PLN,4.4710
2020-07-08,EUR,PLN,4.4739
2020-07-09,EUR,PLN,4.4738
2020-07-10,EUR,PLN,4.4745
2020-07-11,EUR,PLN,4.4745
2020-07-12,EUR,PLN,4.4745
2020-07-13,EUR,PLN,4.4745
2020-07-14,EUR,PLN,4.4916
2020-07-15,EUR,PLN,4.4738
2020-07-16,EUR,PLN,4.4913
2020-07-17,EUR,PLN,4.4827
2020-07-18,EUR,PLN,4.4827
2020-07-19,EUR,PLN,4.4827
2020-07-20,EUR,PLN,4.4683
2020-07-21,EUR,PLN,4.4417
2020-07-22,EUR,PLN,4.4401
2020-07-23,EUR,PLN,4.4108
2020-07-24,EUR,PLN,4.4117
2020-07-25,EUR,PLN,4.4117
2020-07-26,EUR,PLN,4.4117
2020-07-27,EUR,PLN,4.4023
2020-07-28,EUR,PLN,4.3987
2020-07-29,EUR,PLN,4.4194
2020-07-30,EUR,PLN,4.4090
2020-07-31,EUR,PLN,4.4072
2020-08-01,EUR,PLN,4.4072
2020-08-02,EUR,PLN,4.4072
2020-08-03,EUR,PLN,4.4168
2020-08-04,EUR,PLN,4.4060
2020-08-05,EUR,PLN,4.3979
2020-08-06,EUR,PLN,4.4101
2020-08-07,EUR,PLN,4.4139
2020-08-08,EUR,PLN,4.4139
2020-08-09,EUR,PLN,4.4139
2020-08-10,EUR,PLN,4.4023
2020-08-11,EUR,PLN,4.4016
2020-08-12,EUR,PLN,4.4123
2020-08-13,EUR,PLN,4.4011
2020-08-14,EUR,PLN,4.3988
2020-08-15,EUR,PLN,4.3988
2020-08-16,EUR,PLN,4.3988
2020-08-17,EUR,PLN,4.3892
2020-08-18,EUR,PLN,4.3953
2020-08-19,EUR,PLN,4.3864
2020-08-20,EUR,PLN,4.3991
2020-08-21,EUR,PLN,4.3902
2020-08-22,EUR,PLN,4.3902
2020-08-23,EUR,PLN,4.3902
2020-08-24,EUR,PLN,4.4064
2020-08-25,EUR,PLN,4.3915
2020-08-26,EUR,PLN,4.4032
2020-08-27,EUR,PLN,4.4124
2020-08-28,EUR,PLN,4.4043
2020-08-29,EUR,PLN,4.4043
2020-08-30,EUR,PLN,4.4043
2020-08-31,EUR,PLN,4.3969
2020-09-01,EUR,PLN,4.3946
2020-09-02,EUR,PLN,4.4097
2020-09-03,EUR,PLN,4.4181
2020-09-04,EUR,PLN,4.4508
2020-09-05,EUR,PLN,4.4508
2020-09-06,EUR,PLN,4.4508
2020-09-07,EUR,PLN,4.4570
2020-09-08,EUR,PLN,4.4461
2020-09-09,EUR,PLN,4.4550
2020-09-10,EUR,PLN,4.4504
2020-09-11,EUR,PLN,4.4504
2020-09-12,EUR,PLN,4.4504
2020-09-13,EUR,PLN,4.4504
2020-09-14,EUR,PLN,4.4490
2020-09-15,EUR,PLN,4.4492
2020-09-16,EUR,PLN,4.4528
2020-09-17,EUR,PLN,4.4514
2020-09-18,EUR,PLN,4.4574
2020-09-19,EUR,PLN,4.4574
2020-09-20,EUR,PLN,4.4574
2020-09-21,EUR,PLN,4.4800
2020-09-22,EUR,PLN,4.5055
2020-09-23,EUR,PLN,4.4946
2020-09-24,EUR,PLN,4.5272
2020-09-25,EUR,PLN,4.5477
2020-09-26,EUR,PLN,4.5477
2020-09-27,EUR,PLN,4.5477
2020-09-28,EUR,PLN,4.5497
2020-09-29,EUR,PLN,4.5834
2020-09-30,EUR,PLN,4.5268
2020-10-01,EUR,PLN,4.5153
2020-10-02,EUR,PLN,4.4940
2020-10-03,EUR,PLN,4.4940
2020-10-04,EUR,PLN,4.4940
2020-10-05,EUR,PLN,4.4944
2020-10-06,EUR,PLN,4.4961
2020-10-07,EUR,PLN,4.4832
2020-10-08,EUR,PLN,4.4900
2020-10-09,EUR,PLN,4.4745
2020-10-10,EUR,PLN,4.4745
2020-10-11,EUR,PLN,4.4745
2020-10-12,EUR,PLN,4.4798
2020-10-13,EUR,PLN,4.4737
2020-10-14,EUR,PLN,4.4963
2020-10-15,EUR,PLN,4.5545
2020-10-16,EUR,PLN,4.5621
2020-10-17,EUR,PLN,4.5621
2020-10-18,EUR,PLN,4.5621
2020-10-19,EUR,PLN,4.5498
2020-10-20,EUR,PLN,4.5865
2020-10-21,EUR,PLN,4.5869
2020-10-22,EUR,PLN,4.5877
2020-10-23,EUR,PLN,4.5772
2020-10-24,EUR,PLN,4.5772
2020-10-25,EUR,PLN,4.5772
2020-10-26,EUR,PLN,4.5774
2020-10-27,EUR,PLN,4.5890
2020-10-28,EUR,PLN,4.6189
2020-10-29,EUR,PLN,4.6330
2020-10-30,EUR,PLN,4.6188
2020-10-31,EUR,PLN,4.6188
2020-11-01,EUR,PLN,4.6188
2020-11-02,EUR,PLN,4.6048
2020-11-03,EUR,PLN,4.5699
2020-11-04,EUR,PLN,4.5532
2020-11-05,EUR,PLN,4.5233
2020-11-06,EUR,PLN,4.5277
2020-11-07,EUR,PLN,4.5277
2020-11-08,EUR,PLN,4.5277
2020-11-09,EUR,PLN,4.4870
2020-11-10,EUR,PLN,4.5063
2020-11-11,EUR,PLN,4.5063
2020-11-12,EUR,PLN,4.4868
2020-11-13,EUR,PLN,4.4960
2020-11-14,EUR,PLN,4.4960
2020-11-15,EUR,PLN,4.4960
2020-11-16,EUR,PLN,4.4753
2020-11-17,EUR,PLN,4.4953
2020-11-18,EUR,PLN,4.4729
2020-11-19,EUR,PLN,4.4799
2020-11-20,EUR,PLN,4.4679
2020-11-21,EUR,PLN,4.4679
2020-11-22,EUR,PLN,4.4679
2020-11-23,EUR,PLN,4.4680
2020-11-24,EUR,PLN,4.4714
2020-11-25,EUR,PLN,4.4710
2020-11-26,EUR,PLN,4.4742
2020-11-27,EUR,PLN,4.4843
2020-11-28,EUR,PLN,4.4843
2020-11-29,EUR,PLN,4.4843
2020-11-30,EUR,PLN,4.4779
2020-12-01,EUR,PLN,4.4769
2020-12-02,EUR,PLN,4.4642
2020-12-03,EUR,PLN,4.4789
2020-12-04,EUR,PLN,4.4732
2020-12-05,EUR,PLN,4.4732
2020-12-06,EUR,PLN,4.4732
2020-12-07,EUR,PLN,4.4745
2020-12-08,EUR,PLN,4.4767
2020-12-09,EUR,PLN,4.4449
2020-12-10,EUR,PLN,4.4276
2020-12-11,EUR,PLN,4.4385
2020-12-12,EUR,PLN,4.4385
2020-12-13,EUR,PLN,4.4385
2020-12-14,EUR,PLN,4.4432
2020-12-15,EUR,PLN,4.4441
2020-12-16,EUR,PLN,4.4347
2020-12-17,EUR,PLN,4.4348
2020-12-18,EUR,PLN,4.4493
2020-12-19,EUR,PLN,4.4493
2020-12-20,EUR,PLN,4.4493
2020-12-21,EUR,PLN,4.5149
2020-12-22,EUR,PLN,4.5069
2020-12-23,EUR,PLN,4.5019
2020-12-24,EUR,PLN,4.5084
2020-12-25,EUR,PLN,4.5084
2020-12-26,EUR,PLN,4.5084
2020-12-27,EUR,PLN,4.5084
2020-12-28,EUR,PLN,4.4879
2020-12-29,EUR,PLN,4.5051
2020-12-30,EUR,PLN,4.5272
2020-12-31,EUR,PLN,4.6148
2021-01-01,EUR,PLN,4.6148
2021-01-02,EUR,PLN,4.6148
2021-01-03,EUR,PLN,4.6148
2021-01-04,EUR,PLN,4.5485
2021-01-05,EUR,PLN,4.5446
2021-01-06,EUR,PLN,4.5446
2021-01-07,EUR,PLN,4.4973
2021-01-08,EUR,PLN,4.5189
2021-01-09,EUR,PLN,4.5189
2021-01-10,EUR,PLN,4.5189
2021-01-11,EUR,PLN,4.5325
2021-01-12,EUR,PLN,4.5228
2021-01-13,EUR,PLN,4.5272
2021-01-14,EUR,PLN,4.5407
2021-01-15,EUR,PLN,4.5480
2021-01-16,EUR,PLN,4.5480
2021-01-17,EUR,PLN,4.5480
2021-01-18,EUR,PLN,4.5473
2021-01-19,EUR,PLN,4.5342
2021-01-20,EUR,PLN,4.5237
2021-01-21,EUR,PLN,4.5310
2021-01-22,EUR,PLN,4.5354
2021-01-23,EUR,PLN,4.5354
2021-01-24,EUR,PLN,4.5354
2021-01-25,EUR,PLN,4.5436
2021-01-26,EUR,PLN,4.5497
2021-01-27,EUR,PLN,4.5468
2021-01-28,EUR,PLN,4.5479
2021-01-29,EUR,PLN,4.5385
2021-01-30,EUR,PLN,4.5385
2021-01-31,EUR,PLN,4.5385
2021-02-01,EUR,PLN,4.5137
2021-02-02,EUR,PLN,4.5025
2021-02-03,EUR,PLN,4.4906
2021-02-04,EUR,PLN,4.4958
2021-02-05,EUR,PLN,4.4978
2021-02-06,EUR,PLN,4.4978
2021-02-07,EUR,PLN,4.4978
2021-02-08,EUR,PLN,4.4867
2021-02-09,EUR,PLN,4.4773
2021-02-10,EUR,PLN,4.4809
2021-02-11,EUR,PLN,4.5023
2021-02-12,EUR,PLN,4.5029
2021-02-13,EUR,PLN,4.5029
2021-02-14,EUR,PLN,4.5029
2021-02-15,EUR,PLN,4.4836
2021-02-16,EUR,PLN,4.4891
2021-02-17,EUR,PLN,4.4998
2021-02-18,EUR,PLN,4.4857
2021-02-19,EUR,PLN,4.4892
2021-02-20,EUR,PLN,4.4892
2021-02-21,EUR,PLN,4.4892
2021-02-22,EUR,PLN,4.4963
2021-02-23,EUR,PLN,4.5093
2021-02-24,EUR,PLN,4.5176
2021-02-25,EUR,PLN,4.5143
2021-02-26,EUR,PLN,4.5175
2021-02-27,EUR,PLN,4.5175
2021-02-28,EUR,PLN,4.5175
2021-03-01,EUR,PLN,4.5231
2021-03-02,EUR,PLN,4.5345
2021-03-03,EUR,PLN,4.5393
2021-03-04,EUR,PLN,4.5540
2021-03-05,EUR,PLN,4.5793
2021-03-06,EUR,PLN,4.5793
2021-03-07,EUR,PLN,4.5793
2021-03-08,EUR,PLN,4.5903
2021-03-09,EUR,PLN,4.5844
2021-03-10,EUR,PLN,4.5718
2021-03-11,EUR,PLN,4.5805
2021-03-12,EUR,PLN,4.5909
2021-03-13,EUR,PLN,4.5909
2021-03-14,EUR,PLN,4.5909
2021-03-15,EUR,PLN,4.5836
2021-03-16,EUR,PLN,4.5949
2021-03-17,EUR,PLN,4.6065
2021-03-18,EUR,PLN,4.6224
2021-03-19,EUR,PLN,4.6226
2021-03-20,EUR,PLN,4.6226
2021-03-21,EUR,PLN,4.6226
2021-03-22,EUR,PLN,4.6138
2021-03-23,EUR,PLN,4.6073
2021-03-24,EUR,PLN,4.6273
2021-03-25,EUR,PLN,4.6358
2021-03-26,EUR,PLN,4.6353
2021-03-27,EUR,PLN,4.6353
2021-03-28,EUR,PLN,4.6353
2021-03-29,EUR,PLN,4.6560
2021-03-30,EUR,PLN,4.6519
2021-03-31,EUR,PLN,4.6603
2021-04-01,EUR,PLN,4.6239
2021-04-02,EUR,PLN,4.5933
2021-04-03,EUR,PLN,4.5933
2021-04-04,EUR,PLN,4.5933
2021-04-05,EUR,PLN,4.5933
2021-04-06,EUR,PLN,4.6041
2021-04-07,EUR,PLN,4.5897
2021-04-08,EUR,PLN,4.5581
2021-04-09,EUR,PLN,4.5414
2021-04-10,EUR,PLN,4.5414
2021-04-11,EUR,PLN,4.5414
2021-04-12,EUR,PLN,4.5330
2021-04-13,EUR,PLN,4.5627
2021-04-14,EUR,PLN,4.5552
2021-04-15,EUR,PLN,4.5546
2021-04-16,EUR,PLN,4.5481
2021-04-17,EUR,PLN,4.5481
2021-04-18,EUR,PLN,4.5481
2021-04-19,EUR,PLN,4.5474
2021-04-20,EUR,PLN,4.5541
2021-04-21,EUR,PLN,4.5567
2021-04-22,EUR,PLN,4.5562
2021-04-23,EUR,PLN,4.5649
2021-04-24,EUR,PLN,4.5649
2021-04-25,EUR,PLN,4.5649
2021-04-26,EUR,PLN,4.5565
2021-04-27,EUR,PLN,4.5613
2021-04-28,EUR,PLN,4.5811
2021-04-29,EUR,PLN,4.5782
2021-04-30,EUR,PLN,4.5654
2021-05-01,EUR,PLN,4.5654
2021-05-02,EUR,PLN,4.5654
2021-05-03,EUR,PLN,4.5654
2021-05-04,EUR,PLN,4.5539
2021-05-05,EUR,PLN,4.5752
2021-05-06,EUR,PLN,4.5829
2021-05-07,EUR,PLN,4.5764
2021-05-08,EUR,PLN,4.5764
2021-05-09,EUR,PLN,4.5764
2021-05-10,EUR,PLN,4.5631
2021-05-11,EUR,PLN,4.5628
2021-05-12,EUR,PLN,4.5453
2021-05-13,EUR,PLN,4.5447
2021-05-14,EUR,PLN,4.5316
2021-05-15,EUR,PLN,4.5316
2021-05-16,EUR,PLN,4.5316
2021-05-17,EUR,PLN,4.5298
2021-05-18,EUR,PLN,4.5272
2021-05-19,EUR,PLN,4.5306
2021-05-20,EUR,PLN,4.5189
2021-05-21,EUR,PLN,4.4958
2021-05-22,EUR,PLN,4.4958
2021-05-23,EUR,PLN,4.4958
2021-05-24,EUR,PLN,4.4877
2021-05-25,EUR,PLN,4.4806
2021-05-26,EUR,PLN,4.4914
2021-05-27,EUR,PLN,4.4980
2021-05-28,EUR,PLN,4.4845
2021-05-29,EUR,PLN,4.4845
2021-05-30,EUR,PLN,4.4845
2021-05-31,EUR,PLN,4.4805
2021-06-01,EUR,PLN,4.4749
2021-06-02,EUR,PLN,4.4654
2021-06-03,EUR,PLN,4.4654
2021-06-04,EUR,PLN,4.4734
2021-06-05,EUR,PLN,4.4734
2021-06-06,EUR,PLN,4.4734
2021-06-07,EUR,PLN,4.4581
2021-06-08,EUR,PLN,4.4674
2021-06-09,EUR,PLN,4.4541
2021-06-10,EUR,PLN,4.4800
2021-06-11,EUR,PLN,4.4723
2021-06-12,EUR,PLN,4.4723
2021-06-13,EUR,PLN,4.4723
2021-06-14,EUR,PLN,4.5027
2021-06-15,EUR,PLN,4.5306
2021-06-16,EUR,PLN,4.5285
2021-06-17,EUR,PLN,4.5309
2021-06-18,EUR,PLN,4.5503
2021-06-19,EUR,PLN,4.5503
2021-06-20,EUR,PLN,4.5503
2021-06-21,EUR,PLN,4.5442
2021-06-22,EUR,PLN,4.5366
2021-06-23,EUR,PLN,4.5200
2021-06-24,EUR,PLN,4.5302
2021-06-25,EUR,PLN,4.5085
2021-06-26,EUR,PLN,4.5085
2021-06-27,EUR,PLN,4.5085
2021-06-28,EUR,PLN,4.5092
2021-06-29,EUR,PLN,4.5123
2021-06-30,EUR,PLN,4.5208
2021-07-01,EUR,PLN,4.5187
2021-07-02,EUR,PLN,4.5257
2021-07-03,EUR,PLN,4.5257
2021-07-04,EUR,PLN,4.5257
2021-07-05,EUR,PLN,4.5083
2021-07-06,EUR,PLN,4.5036
2021-07-07,EUR,PLN,4.5197
2021-07-08,EUR,PLN,4.5414
2021-07-09,EUR,PLN,4.5467
2021-07-10,EUR,PLN,4.5467
2021-07-11,EUR,PLN,4.5467
2021-07-12,EUR,PLN,4.5559
2021-07-13,EUR,PLN,4.5662
2021-07-14,EUR,PLN,4.5904
2021-07-15,EUR,PLN,4.5777
2021-07-16,EUR,PLN,4.5865
2021-07-17,EUR,PLN,4.5865
2021-07-18,EUR,PLN,4.5865
2021-07-19,EUR,PLN,4.5877
2021-07-20,EUR,PLN,4.5983
2021-07-21,EUR,PLN,4.5983
2021-07-22,EUR,PLN,4.5773
2021-07-23,EUR,PLN,4.5747
2021-07-24,EUR,PLN,4.5747
2021-07-25,EUR,PLN,4.5747
2021-07-26,EUR,PLN,4.5858
2021-07-27,EUR,PLN,4.5954
2021-07-28,EUR,PLN,4.5955
2021-07-29,EUR,PLN,4.5866
2021-07-30,EUR,PLN,4.5731
2021-07-31,EUR,PLN,4.5731
2021-08-01,EUR,PLN,4.5731
2021-08-02,EUR,PLN,4.5611
2021-08-03,EUR,PLN,4.5533
2021-08-04,EUR,PLN,4.5468
2021-08-05,EUR,PLN,4.5555
2021-08-06,EUR,PLN,4.5495
2021-08-07,EUR,PLN,4.5495
2021-08-08,EUR,PLN,4.5495
2021-08-09,EUR,PLN,4.5709
2021-08-10,EUR,PLN,4.5681
2021-08-11,EUR,PLN,4.5854
2021-08-12,EUR,PLN,4.5900
2021-08-13,EUR,PLN,4.5718
2021-08-14,EUR,PLN,4.5718
2021-08-15,EUR,PLN,4.5718
2021-08-16,EUR,PLN,4.5651
2021-08-17,EUR,PLN,4.5691
2021-08-18,EUR,PLN,4.5547
2021-08-19,EUR,PLN,4.5843
2021-08-20,EUR,PLN,4.5880
2021-08-21,EUR,PLN,4.5880
2021-08-22,EUR,PLN,4.5880
2021-08-23,EUR,PLN,4.5876
2021-08-24,EUR,PLN,4.5848
2021-08-25,EUR,PLN,4.5679
2021-08-26,EUR,PLN,4.5758
2021-08-27,EUR,PLN,4.5803
2021-08-28,EUR,PLN,4.5803
2021-08-29,EUR,PLN,4.5803
2021-08-30,EUR,PLN,4.5691
2021-08-31,EUR,PLN,4.5374
2021-09-01,EUR,PLN,4.5184
2021-09-02,EUR,PLN,4.5067
2021-09-03,EUR,PLN,4.5124
2021-09-04,EUR,PLN,4.5124
2021-09-05,EUR,PLN,4.5124
2021-09-06,EUR,PLN,4.5134
2021-09-07,EUR,PLN,4.5181
2021-09-08,EUR,PLN,4.5175
2021-09-09,EUR,PLN,4.5315
2021-09-10,EUR,PLN,4.5499
2021-09-11,EUR,PLN,4.5499
2021-09-12,EUR,PLN,4.5499
2021-09-13,EUR,PLN,4.5386
2021-09-14,EUR,PLN,4.5559
2021-09-15,EUR,PLN,4.5502
2021-09-16,EUR,PLN,4.5736
2021-09-17,EUR,PLN,4.5789
2021-09-18,EUR,PLN,4.5789
2021-09-19,EUR,PLN,4.5789
2021-09-20,EUR,PLN,4.5999
2021-09-21,EUR,PLN,4.6154
2021-09-22,EUR,PLN,4.6308
2021-09-23,EUR,PLN,4.6012
2021-09-24,EUR,PLN,4.6085
2021-09-25,EUR,PLN,4.6085
2021-09-26,EUR,PLN,4.6085
2021-09-27,EUR,PLN,4.5912
2021-09-28,EUR,PLN,4.6192
2021-09-29,EUR,PLN,4.6287
2021-09-30,EUR,PLN,4.6329
2021-10-01,EUR,PLN,4.5941
2021-10-02,EUR,PLN,4.5941
2021-10-03,EUR,PLN,4.5941
2021-10-04,EUR,PLN,4.5716
2021-10-05,EUR,PLN,4.6034
2021-10-06,EUR,PLN,4.6203
2021-10-07,EUR,PLN,4.5472
2021-10-08,EUR,PLN,4.5956
2021-10-09,EUR,PLN,4.5956
2021-10-10,EUR,PLN,4.5956
2021-10-11,EUR,PLN,4.6120
2021-10-12,EUR,PLN,4.5859
2021-10-13,EUR,PLN,4.5806
2021-10-14,EUR,PLN,4.5770
2021-10-15,EUR,PLN,4.5733
2021-10-16,EUR,PLN,4.5733
2021-10-17,EUR,PLN,4.5733
2021-10-18,EUR,PLN,4.5715
2021-10-19,EUR,PLN,4.5717
2021-10-20,EUR,PLN,4.5841
2021-10-21,EUR,PLN,4.5930
2021-10-22,EUR,PLN,4.6072
2021-10-23,EUR,PLN,4.6072
2021-10-24,EUR,PLN,4.6072
2021-10-25,EUR,PLN,4.6018
2021-10-26,EUR,PLN,4.6134
2021-10-27,EUR,PLN,4.6165
2021-10-28,EUR,PLN,4.6284
2021-10-29,EUR,PLN,4.6208
2021-10-30,EUR,PLN,4.6208
2021-10-31,EUR,PLN,4.6208
2021-11-01,EUR,PLN,4.6208
2021-11-02,EUR,PLN,4.6129
2021-11-03,EUR,PLN,4.6000
2021-11-04,EUR,PLN,4.5987
2021-11-05,EUR,PLN,4.6065
2021-11-06,EUR,PLN,4.6065
2021-11-07,EUR,PLN,4.6065
2021-11-08,EUR,PLN,4.5950
2021-11-09,EUR,PLN,4.5942
2021-11-10,EUR,PLN,4.6007
2021-11-11,EUR,PLN,4.6007
2021-11-12,EUR,PLN,4.6412
2021-11-13,EUR,PLN,4.6412
2021-11-14,EUR,PLN,4.6412
2021-11-15,EUR,PLN,4.6365
2021-11-16,EUR,PLN,4.6652
2021-11-17,EUR,PLN,4.6614
2021-11-18,EUR,PLN,4.6592
2021-11-19,EUR,PLN,4.6844
2021-11-20,EUR,PLN,4.6844
2021-11-21,EUR,PLN,4.6844
2021-11-22,EUR,PLN,4.7210
2021-11-23,EUR,PLN,4.7171
2021-11-24,EUR,PLN,4.6811
2021-11-25,EUR,PLN,4.6688
2021-11-26,EUR,PLN,4.7038
2021-11-27,EUR,PLN,4.7038
2021-11-28,EUR,PLN,4.7038
2021-11-29,EUR,PLN,4.6982
2021-11-30,EUR,PLN,4.6834
2021-12-01,EUR,PLN,4.6494
2021-12-02,EUR,PLN,4.6002
2021-12-03,EUR,PLN,4.5934
2021-12-04,EUR,PLN,4.5934
2021-12-05,EUR,PLN,4.5934
2021-12-06,EUR,PLN,4.5889
2021-12-07,EUR,PLN,4.5991
2021-12-08,EUR,PLN,4.5941
2021-12-09,EUR,PLN,4.6226
2021-12-10,EUR,PLN,4.6129
2021-12-11,EUR,PLN,4.6129
2021-12-12,EUR,PLN,4.6129
2021-12-13,EUR,PLN,4.6204
2021-12-14,EUR,PLN,4.6436
2021-12-15,EUR,PLN,4.6214
2021-12-16,EUR,PLN,4.6315
2021-12-17,EUR,PLN,4.6334
2021-12-18,EUR,PLN,4.6334
2021-12-19,EUR,PLN,4.6334
2021-12-20,EUR,PLN,4.6381
2021-12-21,EUR,PLN,4.6238
2021-12-22,EUR,PLN,4.6244
2021-12-23,EUR,PLN,4.6359
2021-12-24,EUR,PLN,4.6252
2021-12-25,EUR,PLN,4.6252
2021-12-26,EUR,PLN,4.6252
2021-12-27,EUR,PLN,4.6239
2021-12-28,EUR,PLN,4.6028
2021-12-29,EUR,PLN,4.5997
2021-12-30,EUR,PLN,4.5915
2021-12-31,EUR,PLN,4.5994
2022-01-01,EUR,PLN,4.5994
2022-01-02,EUR,PLN,4.5994
2022-01-03,EUR,PLN,4.5889
2022-01-04,EUR,PLN,4.5737
2022-01-05,EUR,PLN,4.5672
2022-01-06,EUR,PLN,4.5672
2022-01-07,EUR,PLN,4.5576
2022-01-08,EUR,PLN,4.5576
2022-01-09,EUR,PLN,4.5576
2022-01-10,EUR,PLN,4.5377
2022-01-11,EUR,PLN,4.5454
2022-01-12,EUR,PLN,4.5332
2022-01-13,EUR,PLN,4.5270
2022-01-14,EUR,PLN,4.5372
2022-01-15,EUR,PLN,4.5372
2022-01-16,EUR,PLN,4.5372
2022-01-17,EUR,PLN,4.5201
2022-01-18,EUR,PLN,4.5275
2022-01-19,EUR,PLN,4.5279
2022-01-20,EUR,PLN,4.5201
2022-01-21,EUR,PLN,4.5303
2022-01-22,EUR,PLN,4.5303
2022-01-23,EUR,PLN,4.5303
2022-01-24,EUR,PLN,4.5358
2022-01-25,EUR,PLN,4.5821
2022-01-26,EUR,PLN,4.5920
2022-01-27,EUR,PLN,4.5713
2022-01-28,EUR,PLN,4.5697
2022-01-29,EUR,PLN,4.5697
2022-01-30,EUR,PLN,4.5697
2022-01-31,EUR,PLN,4.5982
2022-02-01,EUR,PLN,4.5820
2022-02-02,EUR,PLN,4.5500
2022-02-03,EUR,PLN,4.5439
2022-02-04,EUR,PLN,4.5459
2022-02-05,EUR,PLN,4.5459
2022-02-06,EUR,PLN,4.5459
2022-02-07,EUR,PLN,4.5550
2022-02-08,EUR,PLN,4.5274
2022-02-09,EUR,PLN,4.5167
2022-02-10,EUR,PLN,4.4879
2022-02-11,EUR,PLN,4.5163
2022-02-12,EUR,PLN,4.5163
2022-02-13,EUR,PLN,4.5163
2022-02-14,EUR,PLN,4.5743
2022-02-15,EUR,PLN,4.5091
2022-02-16,EUR,PLN,4.4916
2022-02-17,EUR,PLN,4.5088
2022-02-18,EUR,PLN,4.5256
2022-02-19,EUR,PLN,4.5256
2022-02-20,EUR,PLN,4.5256
2022-02-21,EUR,PLN,4.5193
2022-02-22,EUR,PLN,4.5416
2022-02-23,EUR,PLN,4.5352
2022-02-24,EUR,PLN,4.6284
2022-02-25,EUR,PLN,4.6608
2022-02-26,EUR,PLN,4.6608
2022-02-27,EUR,PLN,4.6608
2022-02-28,EUR,PLN,4.6909
2022-03-01,EUR,PLN,4.7241
2022-03-02,EUR,PLN,4.7989
2022-03-03,EUR,PLN,4.7931
2022-03-04,EUR,PLN,4.8363
2022-03-05,EUR,PLN,4.8363
2022-03-06,EUR,PLN,4.8363
2022-03-07,EUR,PLN,4.9647
2022-03-08,EUR,PLN,4.9121
2022-03-09,EUR,PLN,4.8429
2022-03-10,EUR,PLN,4.8013
2022-03-11,EUR,PLN,4.7924
2022-03-12,EUR,PLN,4.7924
2022-03-13,EUR,PLN,4.7924
2022-03-14,EUR,PLN,4.7465
2022-03-15,EUR,PLN,4.7311
2022-03-16,EUR,PLN,4.7055
2022-03-17,EUR,PLN,4.6876
2022-03-18,EUR,PLN,4.7221
2022-03-19,EUR,PLN,4.7221
2022-03-20,EUR,PLN,4.7221
2022-03-21,EUR,PLN,4.6930
2022-03-22,EUR,PLN,4.6975
2022-03-23,EUR,PLN,4.7036
2022-03-24,EUR,PLN,4.7589
2022-03-25,EUR,PLN,4.7459
2022-03-26,EUR,PLN,4.7459
2022-03-27,EUR,PLN,4.7459
2022-03-28,EUR,PLN,4.7020
2022-03-29,EUR,PLN,4.7144
2022-03-30,EUR,PLN,4.6507
2022-03-31,EUR,PLN,4.6525
2022-04-01,EUR,PLN,4.6428
2022-04-02,EUR,PLN,4.6428
2022-04-03,EUR,PLN,4.6428
2022-04-04,EUR,PLN,4.6373
2022-04-05,EUR,PLN,4.6317
2022-04-06,EUR,PLN,4.6539
2022-04-07,EUR,PLN,4.6478
2022-04-08,EUR,PLN,4.6405
2022-04-09,EUR,PLN,4.6405
2022-04-10,EUR,PLN,4.6405
2022-04-11,EUR,PLN,4.6451
2022-04-12,EUR,PLN,4.6626
2022-04-13,EUR,PLN,4.6460
2022-04-14,EUR,PLN,4.6447
2022-04-15,EUR,PLN,4.6378
2022-04-16,EUR,PLN,4.6378
2022-04-17,EUR,PLN,4.6378
2022-04-18,EUR,PLN,4.6378
2022-04-19,EUR,PLN,4.6361
2022-04-20,EUR,PLN,4.6295
2022-04-21,EUR,PLN,4.6523
2022-04-22,EUR,PLN,4.6361
2022-04-23,EUR,PLN,4.6361
2022-04-24,EUR,PLN,4.6361
2022-04-25,EUR,PLN,4.6405
2022-04-26,EUR,PLN,4.6429
2022-04-27,EUR,PLN,4.7076
2022-04-28,EUR,PLN,4.6915
2022-04-29,EUR,PLN,4.6582
2022-04-30,EUR,PLN,4.6582
2022-05-01,EUR,PLN,4.6582
2022-05-02,EUR,PLN,4.6806
2022-05-03,EUR,PLN,4.6806
2022-05-04,EUR,PLN,4.6777
2022-05-05,EUR,PLN,4.6658
2022-05-06,EUR,PLN,4.6979
2022-05-07,EUR,PLN,4.6979
2022-05-08,EUR,PLN,4.6979
2022-05-09,EUR,PLN,4.7059
2022-05-10,EUR,PLN,4.6761
2022-05-11,EUR,PLN,4.6700
2022-05-12,EUR,PLN,4.6841
2022-05-13,EUR,PLN,4.6679
2022-05-14,EUR,PLN,4.6679
2022-05-15,EUR,PLN,4.6679
2022-05-16,EUR,PLN,4.6724
2022-05-17,EUR,PLN,4.6558
2022-05-18,EUR,PLN,4.6528
2022-05-19,EUR,PLN,4.6429
2022-05-20,EUR,PLN,4.6366
2022-05-21,EUR,PLN,4.6366
2022-05-22,EUR,PLN,4.6366
2022-05-23,EUR,PLN,4.6171
2022-05-24,EUR,PLN,4.6107
2022-05-25,EUR,PLN,4.5955
2022-05-26,EUR,PLN,4.6135
2022-05-27,EUR,PLN,4.6102
2022-05-28,EUR,PLN,4.6102
2022-05-29,EUR,PLN,4.6102
2022-05-30,EUR,PLN,4.5869
2022-05-31,EUR,PLN,4.5756
2022-06-01,EUR,PLN,4.5891
2022-06-02,EUR,PLN,4.5876
2022-06-03,EUR,PLN,4.5908
2022-06-04,EUR,PLN,4.5908
2022-06-05,EUR,PLN,4.5908
2022-06-06,EUR,PLN,4.5880
2022-06-07,EUR,PLN,4.5855
2022-06-08,EUR,PLN,4.5817
2022-06-09,EUR,PLN,4.5826
2022-06-10,EUR,PLN,4.6030
2022-06-11,EUR,PLN,4.6030
2022-06-12,EUR,PLN,4.6030
2022-06-13,EUR,PLN,4.6313
2022-06-14,EUR,PLN,4.6548
2022-06-15,EUR,PLN,4.6642
2022-06-16,EUR,PLN,4.6642
2022-06-17,EUR,PLN,4.6951
2022-06-18,EUR,PLN,4.6951
2022-06-19,EUR,PLN,4.6951
2022-06-20,EUR,PLN,4.6731
2022-06-21,EUR,PLN,4.6460
2022-06-22,EUR,PLN,4.6590
2022-06-23,EUR,PLN,4.7096
2022-06-24,EUR,PLN,4.7094
2022-06-25,EUR,PLN,4.7094
2022-06-26,EUR,PLN,4.7094
2022-06-27,EUR,PLN,4.6965
2022-06-28,EUR,PLN,4.7004
2022-06-29,EUR,PLN,4.6809
2022-06-30,EUR,PLN,4.6806
2022-07-01,EUR,PLN,4.7176
2022-07-02,EUR,PLN,4.7176
2022-07-03,EUR,PLN,4.7176
2022-07-04,EUR,PLN,4.7002
2022-07-05,EUR,PLN,4.7358
2022-07-06,EUR,PLN,4.7942
2022-07-07,EUR,PLN,4.7965
2022-07-08,EUR,PLN,4.7958
2022-07-09,EUR,PLN,4.7958
2022-07-10,EUR,PLN,4.7958
2022-07-11,EUR,PLN,4.7976
2022-07-12,EUR,PLN,4.8337
2022-07-13,EUR,PLN,4.8399
2022-07-14,EUR,PLN,4.8371
2022-07-15,EUR,PLN,4.8115
2022-07-16,EUR,PLN,4.8115
2022-07-17,EUR,PLN,4.8115
2022-07-18,EUR,PLN,4.7770
2022-07-19,EUR,PLN,4.7731
2022-07-20,EUR,PLN,4.7603
2022-07-21,EUR,PLN,4.7578
2022-07-22,EUR,PLN,4.7643
2022-07-23,EUR,PLN,4.7643
2022-07-24,EUR,PLN,4.7643
2022-07-25,EUR,PLN,4.7196
2022-07-26,EUR,PLN,4.7183
2022-07-27,EUR,PLN,4.7811
2022-07-28,EUR,PLN,4.7973
2022-07-29,EUR,PLN,4.7399
2022-07-30,EUR,PLN,4.7399
2022-07-31,EUR,PLN,4.7399
2022-08-01,EUR,PLN,4.7475
2022-08-02,EUR,PLN,4.7092
2022-08-03,EUR,PLN,4.7032
2022-08-04,EUR,PLN,4.7230
2022-08-05,EUR,PLN,4.7053
2022-08-06,EUR,PLN,4.7053
2022-08-07,EUR,PLN,4.7053
2022-08-08,EUR,PLN,4.7013
2022-08-09,EUR,PLN,4.7021
2022-08-10,EUR,PLN,4.7138
2022-08-11,EUR,PLN,4.6745
2022-08-12,EUR,PLN,4.6832
2022-08-13,EUR,PLN,4.6832
2022-08-14,EUR,PLN,4.6832
2022-08-15,EUR,PLN,4.6832
2022-08-16,EUR,PLN,4.6928
2022-08-17,EUR,PLN,4.6921
2022-08-18,EUR,PLN,4.7244
2022-08-19,EUR,PLN,4.7480
2022-08-20,EUR,PLN,4.7480
2022-08-21,EUR,PLN,4.7480
2022-08-22,EUR,PLN,4.7493
2022-08-23,EUR,PLN,4.7706
2022-08-24,EUR,PLN,4.7772
2022-08-25,EUR,PLN,4.7584
2022-08-26,EUR,PLN,4.7413
2022-08-27,EUR,PLN,4.7413
2022-08-28,EUR,PLN,4.7413
2022-08-29,EUR,PLN,4.7529
2022-08-30,EUR,PLN,4.7328
2022-08-31,EUR,PLN,4.7265
2022-09-01,EUR,PLN,4.7133
2022-09-02,EUR,PLN,4.7144
2022-09-03,EUR,PLN,4.7144
2022-09-04,EUR,PLN,4.7144
2022-09-05,EUR,PLN,4.7263
2022-09-06,EUR,PLN,4.7168
2022-09-07,EUR,PLN,4.7137
2022-09-08,EUR,PLN,4.7244
2022-09-09,EUR,PLN,4.7098
2022-09-10,EUR,PLN,4.7098
2022-09-11,EUR,PLN,4.7098
2022-09-12,EUR,PLN,4.7113
2022-09-13,EUR,PLN,4.7082
2022-09-14,EUR,PLN,4.7195
2022-09-15,EUR,PLN,4.7164
2022-09-16,EUR,PLN,4.7176
2022-09-17,EUR,PLN,4.7176
2022-09-18,EUR,PLN,4.7176
2022-09-19,EUR,PLN,4.7142
2022-09-20,EUR,PLN,4.7165
2022-09-21,EUR,PLN,4.7449
2022-09-22,EUR,PLN,4.7758
2022-09-23,EUR,PLN,4.7591
2022-09-24,EUR,PLN,4.7591
2022-09-25,EUR,PLN,4.7591
2022-09-26,EUR,PLN,4.7566
2022-09-27,EUR,PLN,4.7616
2022-09-28,EUR,PLN,4.8147
2022-09-29,EUR,PLN,4.8637
2022-09-30,EUR,PLN,4.8698
2022-10-01,EUR,PLN,4.8698
2022-10-02,EUR,PLN,4.8698
2022-10-03,EUR,PLN,4.8272
2022-10-04,EUR,PLN,4.8007
2022-10-05,EUR,PLN,4.8128
2022-10-06,EUR,PLN,4.8445
2022-10-07,EUR,PLN,4.8606
2022-10-08,EUR,PLN,4.8606
2022-10-09,EUR,PLN,4.8606
2022-10-10,EUR,PLN,4.8677
2022-10-11,EUR,PLN,4.8711
2022-10-12,EUR,PLN,4.8536
2022-10-13,EUR,PLN,4.8468
2022-10-14,EUR,PLN,4.8330
2022-10-15,EUR,PLN,4.8330
2022-10-16,EUR,PLN,4.8330
2022-10-17,EUR,PLN,4.8229
2022-10-18,EUR,PLN,4.8092
2022-10-19,EUR,PLN,4.7997
2022-10-20,EUR,PLN,4.7955
2022-10-21,EUR,PLN,4.7804
2022-10-22,EUR,PLN,4.7804
2022-10-23,EUR,PLN,4.7804
2022-10-24,EUR,PLN,4.7866
2022-10-25,EUR,PLN,4.7805
2022-10-26,EUR,PLN,4.7723
2022-10-27,EUR,PLN,4.7504
2022-10-28,EUR,PLN,4.7199
2022-10-29,EUR,PLN,4.7199
2022-10-30,EUR,PLN,4.7199
2022-10-31,EUR,PLN,4.7089
2022-11-01,EUR,PLN,4.7089
2022-11-02,EUR,PLN,4.7039
2022-11-03,EUR,PLN,4.7101
2022-11-04,EUR,PLN,4.6898
2022-11-05,EUR,PLN,4.6898
2022-11-06,EUR,PLN,4.6898
2022-11-07,EUR,PLN,4.6858
2022-11-08,EUR,PLN,4.6912
2022-11-09,EUR,PLN,4.7037
2022-11-10,EUR,PLN,4.7146
2022-11-11,EUR,PLN,4.7146
2022-11-12,EUR,PLN,4.7146
2022-11-13,EUR,PLN,4.7146
2022-11-14,EUR,PLN,4.6794
2022-11-15,EUR,PLN,4.6985
2022-11-16,EUR,PLN,4.6942
2022-11-17,EUR,PLN,4.7039
2022-11-18,EUR,PLN,4.7067
2022-11-19,EUR,PLN,4.7067
2022-11-20,EUR,PLN,4.7067
2022-11-21,EUR,PLN,4.7035
2022-11-22,EUR,PLN,4.7075
2022-11-23,EUR,PLN,4.6958
2022-11-24,EUR,PLN,4.6993
2022-11-25,EUR,PLN,4.6884
2022-11-26,EUR,PLN,4.6884
2022-11-27,EUR,PLN,4.6884
2022-11-28,EUR,PLN,4.6835
2022-11-29,EUR,PLN,4.6813
2022-11-30,EUR,PLN,4.6684
2022-12-01,EUR,PLN,4.6892
2022-12-02,EUR,PLN,4.6850
2022-12-03,EUR,PLN,4.6850
2022-12-04,EUR,PLN,4.6850
2022-12-05,EUR,PLN,4.6898
2022-12-06,EUR,PLN,4.6995
2022-12-07,EUR,PLN,4.6968
2022-12-08,EUR,PLN,4.6976
2022-12-09,EUR,PLN,4.6821
2022-12-10,EUR,PLN,4.6821
2022-12-11,EUR,PLN,4.6821
2022-12-12,EUR,PLN,4.6912
2022-12-13,EUR,PLN,4.6945
2022-12-14,EUR,PLN,4.6886
2022-12-15,EUR,PLN,4.6843
2022-12-16,EUR,PLN,4.6934
2022-12-17,EUR,PLN,4.6934
2022-12-18,EUR,PLN,4.6934
2022-12-19,EUR,PLN,4.6886
2022-12-20,EUR,PLN,4.6804
2022-12-21,EUR,PLN,4.6648
2022-12-22,EUR,PLN,4.6551
2022-12-23,EUR,PLN,4.6364
2022-12-24,EUR,PLN,4.6364
2022-12-25,EUR,PLN,4.6364
2022-12-26,EUR,PLN,4.6364
2022-12-27,EUR,PLN,4.6558
2022-12-28,EUR,PLN,4.6938
2022-12-29,EUR,PLN,4.6969
2022-12-30,EUR,PLN,4.6899
2022-12-31,EUR,PLN,4.6899
2023-01-01,EUR,PLN,4.6899
2023-01-02,EUR,PLN,4.6784
2023-01-03,EUR,PLN,4.6800
2023-01-04,EUR,PLN,4.6688
2023-01-05,EUR,PLN,4.6709
2023-01-06,EUR,PLN,4.6709
2023-01-07,EUR,PLN,4.6709
2023-01-08,EUR,PLN,4.6709
2023-01-09,EUR,PLN,4.6970
2023-01-10,EUR,PLN,4.6981
2023-01-11,EUR,PLN,4.6871
2023-01-12,EUR,PLN,4.6888
2023-01-13,EUR,PLN,4.6915
2023-01-14,EUR,PLN,4.6915
2023-01-15,EUR,PLN,4.6915
2023-01-16,EUR,PLN,4.7004
2023-01-17,EUR,PLN,4.6946
2023-01-18,EUR,PLN,4.7091
2023-01-19,EUR,PLN,4.7053
2023-01-20,EUR,PLN,4.7137
2023-01-21,EUR,PLN,4.7137
2023-01-22,EUR,PLN,4.7137
2023-01-23,EUR,PLN,4.7186
2023-01-24,EUR,PLN,4.7073
2023-01-25,EUR,PLN,4.7079
2023-01-26,EUR,PLN,4.7239
2023-01-27,EUR,PLN,4.7076
2023-01-28,EUR,PLN,4.7076
2023-01-29,EUR,PLN,4.7076
2023-01-30,EUR,PLN,4.7160
2023-01-31,EUR,PLN,4.7089
2023-02-01,EUR,PLN,4.7080
2023-02-02,EUR,PLN,4.7079
2023-02-03,EUR,PLN,4.6920
2023-02-04,EUR,PLN,4.6920
2023-02-05,EUR,PLN,4.6920
2023-02-06,EUR,PLN,4.7195
2023-02-07,EUR,PLN,4.7476
2023-02-08,EUR,PLN,4.7402
2023-02-09,EUR,PLN,4.7363
2023-02-10,EUR,PLN,4.7716
2023-02-11,EUR,PLN,4.7716
2023-02-12,EUR,PLN,4.7716
2023-02-13,EUR,PLN,4.7895
2023-02-14,EUR,PLN,4.7847
2023-02-15,EUR,PLN,4.7593
2023-02-16,EUR,PLN,4.7728
2023-02-17,EUR,PLN,4.7747
2023-02-18,EUR,PLN,4.7747
2023-02-19,EUR,PLN,4.7747
2023-02-20,EUR,PLN,4.7542
2023-02-21,EUR,PLN,4.7469
2023-02-22,EUR,PLN,4.7538
2023-02-23,EUR,PLN,4.7525
2023-02-24,EUR,PLN,4.7245
2023-02-25,EUR,PLN,4.7245
2023-02-26,EUR,PLN,4.7245
2023-02-27,EUR,PLN,4.7162
2023-02-28,EUR,PLN,4.7170
2023-03-01,EUR,PLN,4.6925
2023-03-02,EUR,PLN,4.6750
2023-03-03,EUR,PLN,4.7046
2023-03-04,EUR,PLN,4.7046
2023-03-05,EUR,PLN,4.7046
2023-03-06,EUR,PLN,4.7073
2023-03-07,EUR,PLN,4.6871
2023-03-08,EUR,PLN,4.7018
2023-03-09,EUR,PLN,4.6836
2023-03-10,EUR,PLN,4.6838
2023-03-11,EUR,PLN,4.6838
2023-03-12,EUR,PLN,4.6838
2023-03-13,EUR,PLN,4.6848
2023-03-14,EUR,PLN,4.6909
2023-03-15,EUR,PLN,4.7015
2023-03-16,EUR,PLN,4.6978
2023-03-17,EUR,PLN,4.7062
2023-03-18,EUR,PLN,4.7062
2023-03-19,EUR,PLN,4.7062
2023-03-20,EUR,PLN,4.7109
2023-03-21,EUR,PLN,4.6981
2023-03-22,EUR,PLN,4.6888
2023-03-23,EUR,PLN,4.6817
2023-03-24,EUR,PLN,4.6911
2023-03-25,EUR,PLN,4.6911
2023-03-26,EUR,PLN,4.6911
2023-03-27,EUR,PLN,4.6856
2023-03-28,EUR,PLN,4.6816
2023-03-29,EUR,PLN,4.6850
2023-03-30,EUR,PLN,4.6801
2023-03-31,EUR,PLN,4.6755
2023-04-01,EUR,PLN,4.6755
2023-04-02,EUR,PLN,4.6755
2023-04-03,EUR,PLN,4.6805
2023-04-04,EUR,PLN,4.6785
2023-04-05,EUR,PLN,4.6803
2023-04-06,EUR,PLN,4.6902
2023-04-07,EUR,PLN,4.6862
2023-04-08,EUR,PLN,4.6862
2023-04-09,EUR,PLN,4.6862
2023-04-10,EUR,PLN,4.6862
2023-04-11,EUR,PLN,4.6810
2023-04-12,EUR,PLN,4.6660
2023-04-13,EUR,PLN,4.6511
2023-04-14,EUR,PLN,4.6494
2023-04-15,EUR,PLN,4.6494
2023-04-16,EUR,PLN,4.6494
2023-04-17,EUR,PLN,4.6341
2023-04-18,EUR,PLN,4.6286
2023-04-19,EUR,PLN,4.6278
2023-04-20,EUR,PLN,4.6109
2023-04-21,EUR,PLN,4.6039
2023-04-22,EUR,PLN,4.6039
2023-04-23,EUR,PLN,4.6039
2023-04-24,EUR,PLN,4.6129
2023-04-25,EUR,PLN,4.5980
2023-04-26,EUR,PLN,4.5887
2023-04-27,EUR,PLN,4.5915
2023-04-28,EUR,PLN,4.5889
2023-04-29,EUR,PLN,4.5889
2023-04-30,EUR,PLN,4.5889
2023-05-01,EUR,PLN,4.5889
2023-05-02,EUR,PLN,4.5892
2023-05-03,EUR,PLN,4.5892
2023-05-04,EUR,PLN,4.5868
2023-05-05,EUR,PLN,4.5885
2023-05-06,EUR,PLN,4.5885
2023-05-07,EUR,PLN,4.5885
2023-05-08,EUR,PLN,4.5671
2023-05-09,EUR,PLN,4.5683
2023-05-10,EUR,PLN,4.5488
2023-05-11,EUR,PLN,4.5259
2023-05-12,EUR,PLN,4.5444
2023-05-13,EUR,PLN,4.5444
2023-05-14,EUR,PLN,4.5444
2023-05-15,EUR,PLN,4.5096
2023-05-16,EUR,PLN,4.4904
2023-05-17,EUR,PLN,4.4945
2023-05-18,EUR,PLN,4.5355
2023-05-19,EUR,PLN,4.5367
2023-05-20,EUR,PLN,4.5367
2023-05-21,EUR,PLN,4.5367
2023-05-22,EUR,PLN,4.5269
2023-05-23,EUR,PLN,4.4981
2023-05-24,EUR,PLN,4.4803
2023-05-25,EUR,PLN,4.5030
2023-05-26,EUR,PLN,4.5242
2023-05-27,EUR,PLN,4.5242
2023-05-28,EUR,PLN,4.5242
2023-05-29,EUR,PLN,4.5294
2023-05-30,EUR,PLN,4.5220
2023-05-31,EUR,PLN,4.5376
2023-06-01,EUR,PLN,4.5312
2023-06-02,EUR,PLN,4.5148
2023-06-03,EUR,PLN,4.5148
2023-06-04,EUR,PLN,4.5148
2023-06-05,EUR,PLN,4.4851
2023-06-06,EUR,PLN,4.4902
2023-06-07,EUR,PLN,4.4790
2023-06-08,EUR,PLN,4.4790
2023-06-09,EUR,PLN,4.4717
2023-06-10,EUR,PLN,4.4717
2023-06-11,EUR,PLN,4.4717
2023-06-12,EUR,PLN,4.4366
2023-06-13,EUR,PLN,4.4783
2023-06-14,EUR,PLN,4.4715
2023-06-15,EUR,PLN,4.4633
2023-06-16,EUR,PLN,4.4583
2023-06-17,EUR,PLN,4.4583
2023-06-18,EUR,PLN,4.4583
2023-06-19,EUR,PLN,4.4457
2023-06-20,EUR,PLN,4.4386
2023-06-21,EUR,PLN,4.4408
2023-06-22,EUR,PLN,4.4335
2023-06-23,EUR,PLN,4.4367
2023-06-24,EUR,PLN,4.4367
2023-06-25,EUR,PLN,4.4367
2023-06-26,EUR,PLN,4.4297
2023-06-27,EUR,PLN,4.4286
2023-06-28,EUR,PLN,4.4600
2023-06-29,EUR,PLN,4.4568
2023-06-30,EUR,PLN,4.4503
2023-07-01,EUR,PLN,4.4503
2023-07-02,EUR,PLN,4.4503
2023-07-03,EUR,PLN,4.4321
2023-07-04,EUR,PLN,4.4273
2023-07-05,EUR,PLN,4.4498
2023-07-06,EUR,PLN,4.4754
2023-07-07,EUR,PLN,4.4803
2023-07-08,EUR,PLN,4.4803
2023-07-09,EUR,PLN,4.4803
2023-07-10,EUR,PLN,4.4553
2023-07-11,EUR,PLN,4.4426
2023-07-12,EUR,PLN,4.4471
2023-07-13,EUR,PLN,4.4336
2023-07-14,EUR,PLN,4.4486
2023-07-15,EUR,PLN,4.4486
2023-07-16,EUR,PLN,4.4486
2023-07-17,EUR,PLN,4.4520
2023-07-18,EUR,PLN,4.4331
2023-07-19,EUR,PLN,4.4492
2023-07-20,EUR,PLN,4.4511
2023-07-21,EUR,PLN,4.4501
2023-07-22,EUR,PLN,4.4501
2023-07-23,EUR,PLN,4.4501
2023-07-24,EUR,PLN,4.4517
2023-07-25,EUR,PLN,4.4348
2023-07-26,EUR,PLN,4.4248
2023-07-27,EUR,PLN,4.4224
2023-07-28,EUR,PLN,4.4257
2023-07-29,EUR,PLN,4.4257
2023-07-30,EUR,PLN,4.4257
2023-07-31,EUR,PLN,4.4135
2023-08-01,EUR,PLN,4.4190
2023-08-02,EUR,PLN,4.4484
2023-08-03,EUR,PLN,4.4585
2023-08-04,EUR,PLN,4.4438
2023-08-05,EUR,PLN,4.4438
2023-08-06,EUR,PLN,4.4438
2023-08-07,EUR,PLN,4.4279
2023-08-08,EUR,PLN,4.4375
2023-08-09,EUR,PLN,4.4586
2023-08-10,EUR,PLN,4.4650
2023-08-11,EUR,PLN,4.4547
2023-08-12,EUR,PLN,4.4547
2023-08-13,EUR,PLN,4.4547
2023-08-14,EUR,PLN,4.4361
2023-08-15,EUR,PLN,4.4361
2023-08-16,EUR,PLN,4.4621
2023-08-17,EUR,PLN,4.4681
2023-08-18,EUR,PLN,4.4869
2023-08-19,EUR,PLN,4.4869
2023-08-20,EUR,PLN,4.4869
2023-08-21,EUR,PLN,4.4768
2023-08-22,EUR,PLN,4.4648
2023-08-23,EUR,PLN,4.4834
2023-08-24,EUR,PLN,4.4730
2023-08-25,EUR,PLN,4.4674
2023-08-26,EUR,PLN,4.4674
2023-08-27,EUR,PLN,4.4674
2023-08-28,EUR,PLN,4.4716
2023-08-29,EUR,PLN,4.4690
2023-08-30,EUR,PLN,4.4740
2023-08-31,EUR,PLN,4.4684
2023-09-01,EUR,PLN,4.4762
2023-09-02,EUR,PLN,4.4762
2023-09-03,EUR,PLN,4.4762
2023-09-04,EUR,PLN,4.4653
2023-09-05,EUR,PLN,4.4764
2023-09-06,EUR,PLN,4.4974
2023-09-07,EUR,PLN,4.5940
2023-09-08,EUR,PLN,4.6019
2023-09-09,EUR,PLN,4.6019
2023-09-10,EUR,PLN,4.6019
2023-09-11,EUR,PLN,4.6209
2023-09-12,EUR,PLN,4.6836
2023-09-13,EUR,PLN,4.6402
2023-09-14,EUR,PLN,4.6285
2023-09-15,EUR,PLN,4.6307
2023-09-16,EUR,PLN,4.6307
2023-09-17,EUR,PLN,4.6307
2023-09-18,EUR,PLN,4.6377
2023-09-19,EUR,PLN,4.6458
2023-09-20,EUR,PLN,4.6529
2023-09-21,EUR,PLN,4.6210
2023-09-22,EUR,PLN,4.6069
2023-09-23,EUR,PLN,4.6069
2023-09-24,EUR,PLN,4.6069
2023-09-25,EUR,PLN,4.5892
2023-09-26,EUR,PLN,4.6077
2023-09-27,EUR,PLN,4.6065
2023-09-28,EUR,PLN,4.6340
2023-09-29,EUR,PLN,4.6356
2023-09-30,EUR,PLN,4.6356
2023-10-01,EUR,PLN,4.6356
2023-10-02,EUR,PLN,4.6091
2023-10-03,EUR,PLN,4.6147
2023-10-04,EUR,PLN,4.6303
2023-10-05,EUR,PLN,4.5974
2023-10-06,EUR,PLN,4.5998
2023-10-07,EUR,PLN,4.5998
2023-10-08,EUR,PLN,4.5998
2023-10-09,EUR,PLN,4.5793
2023-10-10,EUR,PLN,4.5581
2023-10-11,EUR,PLN,4.5183
2023-10-12,EUR,PLN,4.5329
2023-10-13,EUR,PLN,4.5417
2023-10-14,EUR,PLN,4.5417
2023-10-15,EUR,PLN,4.5417
2023-10-16,EUR,PLN,4.4804
2023-10-17,EUR,PLN,4.4389
2023-10-18,EUR,PLN,4.4488
2023-10-19,EUR,PLN,4.4529
2023-10-20,EUR,PLN,4.4675
2023-10-21,EUR,PLN,4.4675
2023-10-22,EUR,PLN,4.4675
2023-10-23,EUR,PLN,4.4552
2023-10-24,EUR,PLN,4.4604
2023-10-25,EUR,PLN,4.4758
2023-10-26,EUR,PLN,4.4708
2023-10-27,EUR,PLN,4.4642
2023-10-28,EUR,PLN,4.4642
2023-10-29,EUR,PLN,4.4642
2023-10-30,EUR,PLN,4.4491
2023-10-31,EUR,PLN,4.4475
2023-11-01,EUR,PLN,4.4475
2023-11-02,EUR,PLN,4.4582
2023-11-03,EUR,PLN,4.4569
2023-11-04,EUR,PLN,4.4569
2023-11-05,EUR,PLN,4.4569
2023-11-06,EUR,PLN,4.4615
2023-11-07,EUR,PLN,4.4513
2023-11-08,EUR,PLN,4.4584
2023-11-09,EUR,PLN,4.4413
2023-11-10,EUR,PLN,4.4227
2023-11-11,EUR,PLN,4.4227
2023-11-12,EUR,PLN,4.4227
2023-11-13,EUR,PLN,4.4336
2023-11-14,EUR,PLN,4.4163
2023-11-15,EUR,PLN,4.3900
2023-11-16,EUR,PLN,4.3854
2023-11-17,EUR,PLN,4.3767
2023-11-18,EUR,PLN,4.3767
2023-11-19,EUR,PLN,4.3767
2023-11-20,EUR,PLN,4.3680
2023-11-21,EUR,PLN,4.3647
2023-11-22,EUR,PLN,4.3804
2023-11-23,EUR,PLN,4.3658
2023-11-24,EUR,PLN,4.3722
2023-11-25,EUR,PLN,4.3722
2023-11-26,EUR,PLN,4.3722
2023-11-27,EUR,PLN,4.3543
2023-11-28,EUR,PLN,4.3542
2023-11-29,EUR,PLN,4.3327
2023-11-30,EUR,PLN,4.3492
2023-12-01,EUR,PLN,4.3494
2023-12-02,EUR,PLN,4.3494
2023-12-03,EUR,PLN,4.3494
2023-12-04,EUR,PLN,4.3337
2023-12-05,EUR,PLN,4.3233
2023-12-06,EUR,PLN,4.3382
2023-12-07,EUR,PLN,4.3334
2023-12-08,EUR,PLN,4.3303
2023-12-09,EUR,PLN,4.3303
2023-12-10,EUR,PLN,4.3303
2023-12-11,EUR,PLN,4.3366
2023-12-12,EUR,PLN,4.3396
2023-12-13,EUR,PLN,4.3309
2023-12-14,EUR,PLN,4.3053
2023-12-15,EUR,PLN,4.3103
2023-12-16,EUR,PLN,4.3103
2023-12-17,EUR,PLN,4.3103
2023-12-18,EUR,PLN,4.3269
2023-12-19,EUR,PLN,4.3321
2023-12-20,EUR,PLN,4.3341
2023-12-21,EUR,PLN,4.3387
2023-12-22,EUR,PLN,4.3288
2023-12-23,EUR,PLN,4.3288
2023-12-24,EUR,PLN,4.3288
2023-12-25,EUR,PLN,4.3288
2023-12-26,EUR,PLN,4.3288
2023-12-27,EUR,PLN,4.3311
2023-12-28,EUR,PLN,4.3392
2023-12-29,EUR,PLN,4.3480
2023-12-30,EUR,PLN,4.3480
2023-12-31,EUR,PLN,4.3480
2024-01-01,EUR,PLN,4.3480
2024-01-02,EUR,PLN,4.3434
2024-01-03,EUR,PLN,4.3646
2024-01-04,EUR,PLN,4.3525
2024-01-05,EUR,PLN,4.3484
2024-01-06,EUR,PLN,4.3484
2024-01-07,EUR,PLN,4.3484
2024-01-08,EUR,PLN,4.3548
2024-01-09,EUR,PLN,4.3351
2024-01-10,EUR,PLN,4.3413
2024-01-11,EUR,PLN,4.3505
2024-01-12,EUR,PLN,4.3574
2024-01-13,EUR,PLN,4.3574
2024-01-14,EUR,PLN,4.3574
2024-01-15,EUR,PLN,4.3748
2024-01-16,EUR,PLN,4.3934
2024-01-17,EUR,PLN,4.3978
2024-01-18,EUR,PLN,4.4016
2024-01-19,EUR,PLN,4.3846
2024-01-20,EUR,PLN,4.3846
2024-01-21,EUR,PLN,4.3846
2024-01-22,EUR,PLN,4.3560
2024-01-23,EUR,PLN,4.3697
2024-01-24,EUR,PLN,4.3755
2024-01-25,EUR,PLN,4.3790
2024-01-26,EUR,PLN,4.3802
2024-01-27,EUR,PLN,4.3802
2024-01-28,EUR,PLN,4.3802
2024-01-29,EUR,PLN,4.3653
2024-01-30,EUR,PLN,4.3634
2024-01-31,EUR,PLN,4.3434
2024-02-01,EUR,PLN,4.3247
2024-02-02,EUR,PLN,4.3173
2024-02-03,EUR,PLN,4.3173
2024-02-04,EUR,PLN,4.3173
2024-02-05,EUR,PLN,4.3278
2024-02-06,EUR,PLN,4.3435
2024-02-07,EUR,PLN,4.3466
2024-02-08,EUR,PLN,4.3449
2024-02-09,EUR,PLN,4.3167
2024-02-10,EUR,PLN,4.3167
2024-02-11,EUR,PLN,4.3167
2024-02-12,EUR,PLN,4.3280
2024-02-13,EUR,PLN,4.3214
2024-02-14,EUR,PLN,4.3435
2024-02-15,EUR,PLN,4.3463
2024-02-16,EUR,PLN,4.3414
2024-02-17,EUR,PLN,4.3414
2024-02-18,EUR,PLN,4.3414
2024-02-19,EUR,PLN,4.3390
2024-02-20,EUR,PLN,4.3186
2024-02-21,EUR,PLN,4.3163
2024-02-22,EUR,PLN,4.3199
2024-02-23,EUR,PLN,4.3326
2024-02-24,EUR,PLN,4.3326
2024-02-25,EUR,PLN,4.3326
2024-02-26,EUR,PLN,4.3117
2024-02-27,EUR,PLN,4.3067
2024-02-28,EUR,PLN,4.3116
2024-02-29,EUR,PLN,4.3190
2024-03-01,EUR,PLN,4.3176
2024-03-02,EUR,PLN,4.3176
2024-03-03,EUR,PLN,4.3176
2024-03-04,EUR,PLN,4.3201
2024-03-05,EUR,PLN,4.3228
2024-03-06,EUR,PLN,4.3106
2024-03-07,EUR,PLN,4.3045
2024-03-08,EUR,PLN,4.3079
2024-03-09,EUR,PLN,4.3079
2024-03-10,EUR,PLN,4.3079
2024-03-11,EUR,PLN,4.2933
2024-03-12,EUR,PLN,4.2804
2024-03-13,EUR,PLN,4.2896
2024-03-14,EUR,PLN,4.2870
2024-03-15,EUR,PLN,4.2929
2024-03-16,EUR,PLN,4.2929
2024-03-17,EUR,PLN,4.2929
2024-03-18,EUR,PLN,4.3086
2024-03-19,EUR,PLN,4.3201
2024-03-20,EUR,PLN,4.3242
2024-03-21,EUR,PLN,4.3031
2024-03-22,EUR,PLN,4.3186
2024-03-23,EUR,PLN,4.3186
2024-03-24,EUR,PLN,4.3186
2024-03-25,EUR,PLN,4.3091
2024-03-26,EUR,PLN,4.3093
2024-03-27,EUR,PLN,4.3153
2024-03-28,EUR,PLN,4.3191
2024-03-29,EUR,PLN,4.3009
2024-03-30,EUR,PLN,4.3009
2024-03-31,EUR,PLN,4.3009
2024-04-01,EUR,PLN,4.3009
2024-04-02,EUR,PLN,4.2934
2024-04-03,EUR,PLN,4.2923
2024-04-04,EUR,PLN,4.2921
2024-04-05,EUR,PLN,4.2883
2024-04-06,EUR,PLN,4.2883
2024-04-07,EUR,PLN,4.2883
2024-04-08,EUR,PLN,4.2805
2024-04-09,EUR,PLN,4.2588
2024-04-10,EUR,PLN,4.2641
2024-04-11,EUR,PLN,4.2649
2024-04-12,EUR,PLN,4.2666
2024-04-13,EUR,PLN,4.2666
2024-04-14,EUR,PLN,4.2666
2024-04-15,EUR,PLN,4.2851
2024-04-16,EUR,PLN,4.3197
2024-04-17,EUR,PLN,4.3353
2024-04-18,EUR,PLN,4.3309
2024-04-19,EUR,PLN,4.3316
2024-04-20,EUR,PLN,4.3316
2024-04-21,EUR,PLN,4.3316
2024-04-22,EUR,PLN,4.3203
2024-04-23,EUR,PLN,4.3335
2024-04-24,EUR,PLN,4.3177
2024-04-25,EUR,PLN,4.3198
2024-04-26,EUR,PLN,4.3225
2024-04-27,EUR,PLN,4.3225
2024-04-28,EUR,PLN,4.3225
2024-04-29,EUR,PLN,4.3190
2024-04-30,EUR,PLN,4.3213
2024-05-01,EUR,PLN,4.3213
2024-05-02,EUR,PLN,4.3323
2024-05-03,EUR,PLN,4.3323
2024-05-04,EUR,PLN,4.3323
2024-05-05,EUR,PLN,4.3323
2024-05-06,EUR,PLN,4.3294
2024-05-07,EUR,PLN,4.3116
2024-05-08,EUR,PLN,4.3195
2024-05-09,EUR,PLN,4.2993
2024-05-10,EUR,PLN,4.2979
2024-05-11,EUR,PLN,4.2979
2024-05-12,EUR,PLN,4.2979
2024-05-13,EUR,PLN,4.2977
2024-05-14,EUR,PLN,4.2812
2024-05-15,EUR,PLN,4.2635
2024-05-16,EUR,PLN,4.2617
2024-05-17,EUR,PLN,4.2685
2024-05-18,EUR,PLN,4.2685
2024-05-19,EUR,PLN,4.2685
2024-05-20,EUR,PLN,4.2575
2024-05-21,EUR,PLN,4.2572
2024-05-22,EUR,PLN,4.2575
2024-05-23,EUR,PLN,4.2699
2024-05-24,EUR,PLN,4.2624
2024-05-25,EUR,PLN,4.2624
2024-05-26,EUR,PLN,4.2624
2024-05-27,EUR,PLN,4.2528
2024-05-28,EUR,PLN,4.2592
2024-05-29,EUR,PLN,4.2529
2024-05-30,EUR,PLN,4.2529
2024-05-31,EUR,PLN,4.2678
2024-06-01,EUR,PLN,4.2678
2024-06-02,EUR,PLN,4.2678
2024-06-03,EUR,PLN,4.2817
2024-06-04,EUR,PLN,4.2923
2024-06-05,EUR,PLN,4.3081
2024-06-06,EUR,PLN,4.2997
2024-06-07,EUR,PLN,4.2891
2024-06-08,EUR,PLN,4.2891
2024-06-09,EUR,PLN,4.2891
2024-06-10,EUR,PLN,4.3197
2024-06-11,EUR,PLN,4.3456
2024-06-12,EUR,PLN,4.3354
2024-06-13,EUR,PLN,4.3355
2024-06-14,EUR,PLN,4.3581
2024-06-15,EUR,PLN,4.3581
2024-06-16,EUR,PLN,4.3581
2024-06-17,EUR,PLN,4.3608
2024-06-18,EUR,PLN,4.3468
2024-06-19,EUR,PLN,4.3376
2024-06-20,EUR,PLN,4.3238
2024-06-21,EUR,PLN,4.3331
2024-06-22,EUR,PLN,4.3331
2024-06-23,EUR,PLN,4.3331
2024-06-24,EUR,PLN,4.3198
2024-06-25,EUR,PLN,4.2909
2024-06-26,EUR,PLN,4.3087
2024-06-27,EUR,PLN,4.3085
2024-06-28,EUR,PLN,4.3130
2024-06-29,EUR,PLN,4.3130
2024-06-30,EUR,PLN,4.3130
2024-07-01,EUR,PLN,4.2981
2024-07-02,EUR,PLN,4.3286
2024-07-03,EUR,PLN,4.3021
2024-07-04,EUR,PLN,4.2975
2024-07-05,EUR,PLN,4.2858
2024-07-06,EUR,PLN,4.2858
2024-07-07,EUR,PLN,4.2858
2024-07-08,EUR,PLN,4.2780
2024-07-09,EUR,PLN,4.2633
2024-07-10,EUR,PLN,4.2529
2024-07-11,EUR,PLN,4.2586
2024-07-12,EUR,PLN,4.2567
2024-07-13,EUR,PLN,4.2567
2024-07-14,EUR,PLN,4.2567
2024-07-15,EUR,PLN,4.2499
2024-07-16,EUR,PLN,4.2604
2024-07-17,EUR,PLN,4.2904
2024-07-18,EUR,PLN,4.2954
2024-07-19,EUR,PLN,4.2930
2024-07-20,EUR,PLN,4.2930
2024-07-21,EUR,PLN,4.2930
2024-07-22,EUR,PLN,4.2797
2024-07-23,EUR,PLN,4.2810
2024-07-24,EUR,PLN,4.2796
2024-07-25,EUR,PLN,4.2971
2024-07-26,EUR,PLN,4.2773
2024-07-27,EUR,PLN,4.2773
2024-07-28,EUR,PLN,4.2773
2024-07-29,EUR,PLN,4.2847
2024-07-30,EUR,PLN,4.2845
2024-07-31,EUR,PLN,4.2953
2024-08-01,EUR,PLN,4.2924
2024-08-02,EUR,PLN,4.2903
2024-08-03,EUR,PLN,4.2903
2024-08-04,EUR,PLN,4.2903
2024-08-05,EUR,PLN,4.3073
2024-08-06,EUR,PLN,4.3130
2024-08-07,EUR,PLN,4.3158
2024-08-08,EUR,PLN,4.3225
2024-08-09,EUR,PLN,4.3238
2024-08-10,EUR,PLN,4.3238
2024-08-11,EUR,PLN,4.3238
2024-08-12,EUR,PLN,4.3123
2024-08-13,EUR,PLN,4.2945
2024-08-14,EUR,PLN,4.2933
2024-08-15,EUR,PLN,4.2933
2024-08-16,EUR,PLN,4.2732
2024-08-17,EUR,PLN,4.2732
2024-08-18,EUR,PLN,4.2732
2024-08-19,EUR,PLN,4.2693
2024-08-20,EUR,PLN,4.2665
2024-08-21,EUR,PLN,4.2879
2024-08-22,EUR,PLN,4.2850
2024-08-23,EUR,PLN,4.2769
2024-08-24,EUR,PLN,4.2769
2024-08-25,EUR,PLN,4.2769
2024-08-26,EUR,PLN,4.2803
2024-08-27,EUR,PLN,4.2802
2024-08-28,EUR,PLN,4.2938
2024-08-29,EUR,PLN,4.2862
2024-08-30,EUR,PLN,4.2798
2024-08-31,EUR,PLN,4.2798
2024-09-01,EUR,PLN,4.2798
2024-09-02,EUR,PLN,4.2812
2024-09-03,EUR,PLN,4.2757
2024-09-04,EUR,PLN,4.2815
2024-09-05,EUR,PLN,4.2717
2024-09-06,EUR,PLN,4.2790
2024-09-07,EUR,PLN,4.2790
2024-09-08,EUR,PLN,4.2790
2024-09-09,EUR,PLN,4.2818
2024-09-10,EUR,PLN,4.2827
2024-09-11,EUR,PLN,4.2864
2024-09-12,EUR,PLN,4.2986
2024-09-13,EUR,PLN,4.2883
2024-09-14,EUR,PLN,4.2883
2024-09-15,EUR,PLN,4.2883
2024-09-16,EUR,PLN,4.2753
2024-09-17,EUR,PLN,4.2748
2024-09-18,EUR,PLN,4.2691
2024-09-19,EUR,PLN,4.2693
2024-09-20,EUR,PLN,4.2779
2024-09-21,EUR,PLN,4.2779
2024-09-22,EUR,PLN,4.2779
2024-09-23,EUR,PLN,4.2785
2024-09-24,EUR,PLN,4.2668
2024-09-25,EUR,PLN,4.2634
2024-09-26,EUR,PLN,4.2665
2024-09-27,EUR,PLN,4.2761
2024-09-28,EUR,PLN,4.2761
2024-09-29,EUR,PLN,4.2761
2024-09-30,EUR,PLN,4.2791
2024-10-01,EUR,PLN,4.2846
2024-10-02,EUR,PLN,4.2952
2024-10-03,EUR,PLN,4.2990
2024-10-04,EUR,PLN,4.3130
2024-10-05,EUR,PLN,4.3130
2024-10-06,EUR,PLN,4.3130
2024-10-07,EUR,PLN,4.3185
2024-10-08,EUR,PLN,4.3203
2024-10-09,EUR,PLN,4.3026
2024-10-10,EUR,PLN,4.3029
2024-10-11,EUR,PLN,4.2926
2024-10-12,EUR,PLN,4.2926
2024-10-13,EUR,PLN,4.2926
2024-10-14,EUR,PLN,4.2928
2024-10-15,EUR,PLN,4.2913
2024-10-16,EUR,PLN,4.2955
2024-10-17,EUR,PLN,4.3174
2024-10-18,EUR,PLN,4.3048
2024-10-19,EUR,PLN,4.3048
2024-10-20,EUR,PLN,4.3048
2024-10-21,EUR,PLN,4.3178
2024-10-22,EUR,PLN,4.3159
2024-10-23,EUR,PLN,4.3344
2024-10-24,EUR,PLN,4.3396
2024-10-25,EUR,PLN,4.3533
2024-10-26,EUR,PLN,4.3533
2024-10-27,EUR,PLN,4.3533
2024-10-28,EUR,PLN,4.3478
2024-10-29,EUR,PLN,4.3542
2024-10-30,EUR,PLN,4.3350
2024-10-31,EUR,PLN,4.3530
2024-11-01,EUR,PLN,4.3530
2024-11-02,EUR,PLN,4.3530
2024-11-03,EUR,PLN,4.3530
2024-11-04,EUR,PLN,4.3443
2024-11-05,EUR,PLN,4.3607
2024-11-06,EUR,PLN,4.3662
2024-11-07,EUR,PLN,4.3431
2024-11-08,EUR,PLN,4.3244
2024-11-09,EUR,PLN,4.3244
2024-11-10,EUR,PLN,4.3244
2024-11-11,EUR,PLN,4.3244
2024-11-12,EUR,PLN,4.3570
2024-11-13,EUR,PLN,4.3416
2024-11-14,EUR,PLN,4.3365
2024-11-15,EUR,PLN,4.3198
2024-11-16,EUR,PLN,4.3198
2024-11-17,EUR,PLN,4.3198
2024-11-18,EUR,PLN,4.3320
2024-11-19,EUR,PLN,4.3308
2024-11-20,EUR,PLN,4.3404
2024-11-21,EUR,PLN,4.3469
2024-11-22,EUR,PLN,4.3430
2024-11-23,EUR,PLN,4.3430
2024-11-24,EUR,PLN,4.3430
2024-11-25,EUR,PLN,4.3319
2024-11-26,EUR,PLN,4.3157
2024-11-27,EUR,PLN,4.3090
2024-11-28,EUR,PLN,4.3085
2024-11-29,EUR,PLN,4.3043
2024-11-30,EUR,PLN,4.3043
2024-12-01,EUR,PLN,4.3043
2024-12-02,EUR,PLN,4.2923
2024-12-03,EUR,PLN,4.2927
2024-12-04,EUR,PLN,4.2899
2024-12-05,EUR,PLN,4.2695
2024-12-06,EUR,PLN,4.2669
2024-12-07,EUR,PLN,4.2669
2024-12-08,EUR,PLN,4.2669
2024-12-09,EUR,PLN,4.2581
2024-12-10,EUR,PLN,4.2672
2024-12-11,EUR,PLN,4.2661
2024-12-12,EUR,PLN,4.2818
2024-12-13,EUR,PLN,4.2722
2024-12-14,EUR,PLN,4.2722
2024-12-15,EUR,PLN,4.2722
2024-12-16,EUR,PLN,4.2622
2024-12-17,EUR,PLN,4.2599
2024-12-18,EUR,PLN,4.2628
2024-12-19,EUR,PLN,4.2633
2024-12-20,EUR,PLN,4.2572
2024-12-21,EUR,PLN,4.2572
2024-12-22,EUR,PLN,4.2572
2024-12-23,EUR,PLN,4.2621
2024-12-24,EUR,PLN,4.2739
2024-12-25,EUR,PLN,4.2739
2024-12-26,EUR,PLN,4.2739
2024-12-27,EUR,PLN,4.2747
2024-12-28,EUR,PLN,4.2747
2024-12-29,EUR,PLN,4.2747
2024-12-30,EUR,PLN,4.2738
2024-12-31,EUR,PLN,4.2730
2025-01-01,EUR,PLN,4.2730
2025-01-02,EUR,PLN,4.2668
2025-01-03,EUR,PLN,4.2718
2025-01-04,EUR,PLN,4.2718
2025-01-05,EUR,PLN,4.2718
2025-01-06,EUR,PLN,4.2718
2025-01-07,EUR,PLN,4.2515
2025-01-08,EUR,PLN,4.2656
2025-01-09,EUR,PLN,4.2794
2025-01-10,EUR,PLN,4.2657
2025-01-11,EUR,PLN,4.2657
2025-01-12,EUR,PLN,4.2657
2025-01-13,EUR,PLN,4.2715
2025-01-14,EUR,PLN,4.2737
2025-01-15,EUR,PLN,4.2611
2025-01-16,EUR,PLN,4.2620
2025-01-17,EUR,PLN,4.2691
2025-01-18,EUR,PLN,4.2691
2025-01-19,EUR,PLN,4.2691
2025-01-20,EUR,PLN,4.2587
2025-01-21,EUR,PLN,4.2554
2025-01-22,EUR,PLN,4.2461
2025-01-23,EUR,PLN,4.2182
2025-01-24,EUR,PLN,4.2100
2025-01-25,EUR,PLN,4.2100
2025-01-26,EUR,PLN,4.2100
2025-01-27,EUR,PLN,4.2176
2025-01-28,EUR,PLN,4.2092
2025-01-29,EUR,PLN,4.2077
2025-01-30,EUR,PLN,4.2039
2025-01-31,EUR,PLN,4.2130
2025-02-01,EUR,PLN,4.2130
2025-02-02,EUR,PLN,4.2130
2025-02-03,EUR,PLN,4.2305
2025-02-04,EUR,PLN,4.2249
2025-02-05,EUR,PLN,4.2059
2025-02-06,EUR,PLN,4.2073
2025-02-07,EUR,PLN,4.1898
2025-02-08,EUR,PLN,4.1898
2025-02-09,EUR,PLN,4.1898
2025-02-10,EUR,PLN,4.1872
2025-02-11,EUR,PLN,4.1783
2025-02-12,EUR,PLN,4.1721
2025-02-13,EUR,PLN,4.1652
2025-02-14,EUR,PLN,4.1632
2025-02-15,EUR,PLN,4.1632
2025-02-16,EUR,PLN,4.1632
2025-02-17,EUR,PLN,4.1635
2025-02-18,EUR,PLN,4.1574
2025-02-19,EUR,PLN,4.1582
2025-02-20,EUR,PLN,4.1723
2025-02-21,EUR,PLN,4.1705
2025-02-22,EUR,PLN,4.1705
2025-02-23,EUR,PLN,4.1705
2025-02-24,EUR,PLN,4.1609
2025-02-25,EUR,PLN,4.1339
2025-02-26,EUR,PLN,4.1394
2025-02-27,EUR,PLN,4.1371
2025-02-28,EUR,PLN,4.1575
2025-03-01,EUR,PLN,4.1575
2025-03-02,EUR,PLN,4.1575
2025-03-03,EUR,PLN,4.1827
2025-03-04,EUR,PLN,4.1568
2025-03-05,EUR,PLN,4.1545
2025-03-06,EUR,PLN,4.1766
2025-03-07,EUR,PLN,4.1760
2025-03-08,EUR,PLN,4.1760
2025-03-09,EUR,PLN,4.1760
2025-03-10,EUR,PLN,4.1857
2025-03-11,EUR,PLN,4.1977
2025-03-12,EUR,PLN,4.2017
2025-03-13,EUR,PLN,4.1960
2025-03-14,EUR,PLN,4.1790
2025-03-15,EUR,PLN,4.1790
2025-03-16,EUR,PLN,4.1790
2025-03-17,EUR,PLN,4.1777
2025-03-18,EUR,PLN,4.1776
2025-03-19,EUR,PLN,4.1945
2025-03-20,EUR,PLN,4.1972
2025-03-21,EUR,PLN,4.1979
2025-03-22,EUR,PLN,4.1979
2025-03-23,EUR,PLN,4.1979
2025-03-24,EUR,PLN,4.1832
2025-03-25,EUR,PLN,4.1664
2025-03-26,EUR,PLN,4.1686
2025-03-27,EUR,PLN,4.1913
2025-03-28,EUR,PLN,4.1819
2025-03-29,EUR,PLN,4.1819
2025-03-30,EUR,PLN,4.1819
2025-03-31,EUR,PLN,4.1839
2025-04-01,EUR,PLN,4.1818
2025-04-02,EUR,PLN,4.1794
2025-04-03,EUR,PLN,4.1791
2025-04-04,EUR,PLN,4.2403
2025-04-05,EUR,PLN,4.2403
2025-04-06,EUR,PLN,4.2403
2025-04-07,EUR,PLN,4.2975
2025-04-08,EUR,PLN,4.2946
2025-04-09,EUR,PLN,4.2818
2025-04-10,EUR,PLN,4.2644
2025-04-11,EUR,PLN,4.2972
2025-04-12,EUR,PLN,4.2972
2025-04-13,EUR,PLN,4.2972
2025-04-14,EUR,PLN,4.2776
2025-04-15,EUR,PLN,4.2767
2025-04-16,EUR,PLN,4.3033
2025-04-17,EUR,PLN,4.2879
2025-04-18,EUR,PLN,4.2823
2025-04-19,EUR,PLN,4.2823
2025-04-20,EUR,PLN,4.2823
2025-04-21,EUR,PLN,4.2823
2025-04-22,EUR,PLN,4.2801
2025-04-23,EUR,PLN,4.2893
2025-04-24,EUR,PLN,4.2789
2025-04-25,EUR,PLN,4.2688
2025-04-26,EUR,PLN,4.2688
2025-04-27,EUR,PLN,4.2688
2025-04-28,EUR,PLN,4.2766
2025-04-29,EUR,PLN,4.2646
2025-04-30,EUR,PLN,4.2778
2025-05-01,EUR,PLN,4.2778
2025-05-02,EUR,PLN,4.2750
2025-05-03,EUR,PLN,4.2750
2025-05-04,EUR,PLN,4.2750
2025-05-05,EUR,PLN,4.2760
2025-05-06,EUR,PLN,4.2806
2025-05-07,EUR,PLN,4.2757
2025-05-08,EUR,PLN,4.2714
2025-05-09,EUR,PLN,4.2414
2025-05-10,EUR,PLN,4.2414
2025-05-11,EUR,PLN,4.2414
2025-05-12,EUR,PLN,4.2337
2025-05-13,EUR,PLN,4.2525
2025-05-14,EUR,PLN,4.2455
2025-05-15,EUR,PLN,4.2378
2025-05-16,EUR,PLN,4.2392
2025-05-17,EUR,PLN,4.2392
2025-05-18,EUR,PLN,4.2392
2025-05-19,EUR,PLN,4.2785
2025-05-20,EUR,PLN,4.2497
2025-05-21,EUR,PLN,4.2403
2025-05-22,EUR,PLN,4.2447
2025-05-23,EUR,PLN,4.2541
2025-05-24,EUR,PLN,4.2541
2025-05-25,EUR,PLN,4.2541
2025-05-26,EUR,PLN,4.2514
2025-05-27,EUR,PLN,4.2479
2025-05-28,EUR,PLN,4.2447
2025-05-29,EUR,PLN,4.2369
2025-05-30,EUR,PLN,4.2507
2025-05-31,EUR,PLN,4.2507
2025-06-01,EUR,PLN,4.2507
2025-06-02,EUR,PLN,4.2578
2025-06-03,EUR,PLN,4.2721
2025-06-04,EUR,PLN,4.2778
2025-06-05,EUR,PLN,4.2791
2025-06-06,EUR,PLN,4.2881
2025-06-07,EUR,PLN,4.2881
2025-06-08,EUR,PLN,4.2881
2025-06-09,EUR,PLN,4.2772
2025-06-10,EUR,PLN,4.2611
2025-06-11,EUR,PLN,4.2643
2025-06-12,EUR,PLN,4.2631
2025-06-13,EUR,PLN,4.2720
2025-06-14,EUR,PLN,4.2720
2025-06-15,EUR,PLN,4.2720
2025-06-16,EUR,PLN,4.2612
2025-06-17,EUR,PLN,4.2750
2025-06-18,EUR,PLN,4.2717
2025-06-19,EUR,PLN,4.2717
2025-06-20,EUR,PLN,4.2709
2025-06-21,EUR,PLN,4.2709
2025-06-22,EUR,PLN,4.2709
2025-06-23,EUR,PLN,4.2727
2025-06-24,EUR,PLN,4.2604
2025-06-25,EUR,PLN,4.2479
2025-06-26,EUR,PLN,4.2479
2025-06-27,EUR,PLN,4.2362
2025-06-28,EUR,PLN,4.2362
2025-06-29,EUR,PLN,4.2362
2025-06-30,EUR,PLN,4.2419
2025-07-01,EUR,PLN,4.2415
2025-07-02,EUR,PLN,4.2500
2025-07-03,EUR,PLN,4.2634
2025-07-04,EUR,PLN,4.2515
2025-07-05,EUR,PLN,4.2515
2025-07-06,EUR,PLN,4.2515
2025-07-07,EUR,PLN,4.2524
2025-07-08,EUR,PLN,4.2455
2025-07-09,EUR,PLN,4.2399
2025-07-10,EUR,PLN,4.2464
2025-07-11,EUR,PLN,4.2563
2025-07-12,EUR,PLN,4.2563
2025-07-13,EUR,PLN,4.2563
2025-07-14,EUR,PLN,4.2614
2025-07-15,EUR,PLN,4.2538
2025-07-16,EUR,PLN,4.2585
2025-07-17,EUR,PLN,4.2559
2025-07-18,EUR,PLN,4.2509
2025-07-19,EUR,PLN,4.2509
2025-07-20,EUR,PLN,4.2509
2025-07-21,EUR,PLN,4.2445
2025-07-22,EUR,PLN,4.2531
2025-07-23,EUR,PLN,4.2544
2025-07-24,EUR,PLN,4.2514
2025-07-25,EUR,PLN,4.2544
2025-07-26,EUR,PLN,4.2544
2025-07-27,EUR,PLN,4.2544
2025-07-28,EUR,PLN,4.2565
2025-07-29,EUR,PLN,4.2737
2025-07-30,EUR,PLN,4.2732
2025-07-31,EUR,PLN,4.2661
2025-08-01,EUR,PLN,4.2813
2025-08-02,EUR,PLN,4.2813
2025-08-03,EUR,PLN,4.2813
2025-08-04,EUR,PLN,4.2734
2025-08-05,EUR,PLN,4.2763
2025-08-06,EUR,PLN,4.2820
2025-08-07,EUR,PLN,4.2618
2025-08-08,EUR,PLN,4.2566
2025-08-09,EUR,PLN,4.2566
2025-08-10,EUR,PLN,4.2566
2025-08-11,EUR,PLN,4.2533
2025-08-12,EUR,PLN,4.2626
2025-08-13,EUR,PLN,4.2586
2025-08-14,EUR,PLN,4.2639
2025-08-15,EUR,PLN,4.2639
2025-08-16,EUR,PLN,4.2639
2025-08-17,EUR,PLN,4.2639
2025-08-18,EUR,PLN,4.2558
2025-08-19,EUR,PLN,4.2420
2025-08-20,EUR,PLN,4.2524
2025-08-21,EUR,PLN,4.2521
2025-08-22,EUR,PLN,4.2670
2025-08-23,EUR,PLN,4.2670
2025-08-24,EUR,PLN,4.2670
2025-08-25,EUR,PLN,4.2627
2025-08-26,EUR,PLN,4.2657
2025-08-27,EUR,PLN,4.2639
2025-08-28,EUR,PLN,4.2681
2025-08-29,EUR,PLN,4.2684
2025-08-30,EUR,PLN,4.2684
2025-08-31,EUR,PLN,4.2684
2025-09-01,EUR,PLN,4.2574
2025-09-02,EUR,PLN,4.2651
2025-09-03,EUR,PLN,4.2589
2025-09-04,EUR,PLN,4.2553
2025-09-05,EUR,PLN,4.2476
2025-09-06,EUR,PLN,4.2476
2025-09-07,EUR,PLN,4.2476
2025-09-08,EUR,PLN,4.2484
2025-09-09,EUR,PLN,4.2540
2025-09-10,EUR,PLN,4.2604
2025-09-11,EUR,PLN,4.2626
2025-09-12,EUR,PLN,4.2593
2025-09-13,EUR,PLN,4.2593
2025-09-14,EUR,PLN,4.2593
2025-09-15,EUR,PLN,4.2476
2025-09-16,EUR,PLN,4.2504
2025-09-17,EUR,PLN,4.2559
2025-09-18,EUR,PLN,4.2564
2025-09-19,EUR,PLN,4.2666
2025-09-20,EUR,PLN,4.2666
2025-09-21,EUR,PLN,4.2666
2025-09-22,EUR,PLN,4.2645
2025-09-23,EUR,PLN,4.2552
2025-09-24,EUR,PLN,4.2676
2025-09-25,EUR,PLN,4.2619
2025-09-26,EUR,PLN,4.2668
2025-09-27,EUR,PLN,4.2668
2025-09-28,EUR,PLN,4.2668
2025-09-29,EUR,PLN,4.2688
2025-09-30,EUR,PLN,4.2692
2025-10-01,EUR,PLN,4.2586
2025-10-02,EUR,PLN,4.2560
2025-10-03,EUR,PLN,4.2559
2025-10-04,EUR,PLN,4.2559
2025-10-05,EUR,PLN,4.2559
2025-10-06,EUR,PLN,4.2521
2025-10-07,EUR,PLN,4.2559
2025-10-08,EUR,PLN,4.2533
2025-10-09,EUR,PLN,4.2569
2025-10-10,EUR,PLN,4.2583
2025-10-11,EUR,PLN,4.2583
2025-10-12,EUR,PLN,4.2583
2025-10-13,EUR,PLN,4.2592
2025-10-14,EUR,PLN,4.2645
2025-10-15,EUR,PLN,4.2556
2025-10-16,EUR,PLN,4.2517
2025-10-17,EUR,PLN,4.2565
2025-10-18,EUR,PLN,4.2565
2025-10-19,EUR,PLN,4.2565
2025-10-20,EUR,PLN,4.2396
2025-10-21,EUR,PLN,4.2392
2025-10-22,EUR,PLN,4.2438
2025-10-23,EUR,PLN,4.2347
2025-10-24,EUR,PLN,4.2353
2025-10-25,EUR,PLN,4.2353
2025-10-26,EUR,PLN,4.2353
2025-10-27,EUR,PLN,4.2353
2025-10-28,EUR,PLN,4.2345
2025-10-29,EUR,PLN,4.2374
2025-10-30,EUR,PLN,4.2425
2025-10-31,EUR,PLN,4.2543
2025-11-01,EUR,PLN,4.2543
2025-11-02,EUR,PLN,4.2543
2025-11-03,EUR,PLN,4.2527
2025-11-04,EUR,PLN,4.2575
2025-11-05,EUR,PLN,4.2597
2025-11-06,EUR,PLN,4.2566
2025-11-07,EUR,PLN,4.2483
2025-11-08,EUR,PLN,4.2483
2025-11-09,EUR,PLN,4.2483
2025-11-10,EUR,PLN,4.2351
2025-11-11,EUR,PLN,4.2351
2025-11-12,EUR,PLN,4.2312
2025-11-13,EUR,PLN,4.2304
2025-11-14,EUR,PLN,4.2274
2025-11-15,EUR,PLN,4.2274
2025-11-16,EUR,PLN,4.2274
2025-11-17,EUR,PLN,4.2231
2025-11-18,EUR,PLN,4.2331
2025-11-19,EUR,PLN,4.2424
2025-11-20,EUR,PLN,4.2289
2025-11-21,EUR,PLN,4.2489
2025-11-22,EUR,PLN,4.2489
2025-11-23,EUR,PLN,4.2489
2025-11-24,EUR,PLN,4.2345
2025-11-25,EUR,PLN,4.2301
2025-11-26,EUR,PLN,4.2330
2025-11-27,EUR,PLN,4.2270
2025-11-28,EUR,PLN,4.2369
2025-11-29,EUR,PLN,4.2369
2025-11-30,EUR,PLN,4.2369
2025-12-01,EUR,PLN,4.2286
2025-12-02,EUR,PLN,4.2390
2025-12-03,EUR,PLN,4.2312
2025-12-04,EUR,PLN,4.2299
2025-12-05,EUR,PLN,4.2321
2025-12-06,EUR,PLN,4.2321
2025-12-07,EUR,PLN,4.2321
2025-12-08,EUR,PLN,4.2289
2025-12-09,EUR,PLN,4.2340
2025-12-10,EUR,PLN,4.2274
2025-12-11,EUR,PLN,4.2284
2025-12-12,EUR,PLN,4.2271
2025-12-13,EUR,PLN,4.2271
2025-12-14,EUR,PLN,4.2271
2025-12-15,EUR,PLN,4.2192
2025-12-16,EUR,PLN,4.2239
2025-12-17,EUR,PLN,4.2149
2025-12-18,EUR,PLN,4.2076
2025-12-19,EUR,PLN,4.2094
2025-12-20,EUR,PLN,4.2094
2025-12-21,EUR,PLN,4.2094
2025-12-22,EUR,PLN,4.2115
2025-12-23,EUR,PLN,4.2274
2025-12-24,EUR,PLN,4.2274
2025-12-25,EUR,PLN,4.2274
2025-12-26,EUR,PLN,4.2274
2025-12-27,EUR,PLN,4.2274
2025-12-28,EUR,PLN,4.2274
2025-12-29,EUR,PLN,4.2274
2025-12-30,EUR,PLN,4.2293
2025-12-31,EUR,PLN,4.2267
2026-01-01,EUR,PLN,4.2267
2026-01-02,EUR,PLN,4.2156
2026-01-03,EUR,PLN,4.2156
2026-01-04,EUR,PLN,4.2156
2026-01-05,EUR,PLN,4.2110
2026-01-06,EUR,PLN,4.2110
2026-01-07,EUR,PLN,4.2105
2026-01-08,EUR,PLN,4.2119
2026-01-09,EUR,PLN,4.2127
2026-01-10,EUR,PLN,4.2127
2026-01-11,EUR,PLN,4.2127
2026-01-12,EUR,PLN,4.2097
2026-01-13,EUR,PLN,4.2116
2026-01-14,EUR,PLN,4.2110
2026-01-15,EUR,PLN,4.2068
2026-01-16,EUR,PLN,4.2192
2026-01-17,EUR,PLN,4.2192
2026-01-18,EUR,PLN,4.2192
2026-01-19,EUR,PLN,4.2231
2026-01-20,EUR,PLN,4.2279
2026-01-21,EUR,PLN,4.2271
2026-01-22,EUR,PLN,4.2128
2026-01-23,EUR,PLN,4.2050
2026-01-24,EUR,PLN,4.2050
2026-01-25,EUR,PLN,4.2050
2026-01-26,EUR,PLN,4.2118
2026-01-27,EUR,PLN,4.2032
2026-01-28,EUR,PLN,4.2009
2026-01-29,EUR,PLN,4.2072
2026-01-30,EUR,PLN,4.2131
2026-01-31,EUR,PLN,4.2131
2026-02-01,EUR,PLN,4.2131
2026-02-02,EUR,PLN,4.2106
2026-02-03,EUR,PLN,4.2198
2026-02-04,EUR,PLN,4.2241
2026-02-05,EUR,PLN,4.2175
2026-02-06,EUR,PLN,4.2155
2026-02-07,EUR,PLN,4.2155
2026-02-08,EUR,PLN,4.2155
2026-02-09,EUR,PLN,4.2142
2026-02-10,EUR,PLN,4.2148
2026-02-11,EUR,PLN,4.2174
2026-02-12,EUR,PLN,4.2131
2026-02-13,EUR,PLN,4.2140
2026-02-14,EUR,PLN,4.2140
2026-02-15,EUR,PLN,4.2140
2026-02-16,EUR,PLN,4.2080
2026-02-17,EUR,PLN,4.2182
2026-02-18,EUR,PLN,4.2148
2026-02-19,EUR,PLN,4.2220
2026-02-20,EUR,PLN,4.2241
2026-02-21,EUR,PLN,4.2241
2026-02-22,EUR,PLN,4.2241
2026-02-23,EUR,PLN,4.2173
2026-02-24,EUR,PLN,4.2193
2026-02-25,EUR,PLN,4.2183
2026-02-26,EUR,PLN,4.2224
2026-02-27,EUR,PLN,4.2233
2026-02-28,EUR,PLN,4.2233
2026-03-01,EUR,PLN,4.2233
2026-03-02,EUR,PLN,4.2304
2026-03-03,EUR,PLN,4.2732
2026-03-04,EUR,PLN,4.2685
2026-03-05,EUR,PLN,4.2739
2026-03-06,EUR,PLN,4.2782
2026-03-07,EUR,PLN,4.2782
2026-03-08,EUR,PLN,4.2782
2026-03-09,EUR,PLN,4.2836
2026-03-10,EUR,PLN,4.2555
2026-03-11,EUR,PLN,4.2740
2026-03-12,EUR,PLN,4.2629
2026-03-13,EUR,PLN,4.2693
2026-03-14,EUR,PLN,4.2693
2026-03-15,EUR,PLN,4.2693
2026-03-16,EUR,PLN,4.2694
2026-03-17,EUR,PLN,4.2666
2026-03-18,EUR,PLN,4.2613
2026-03-19,EUR,PLN,4.2782
2026-03-20,EUR,PLN,4.2768
2026-03-21,EUR,PLN,4.2768
2026-03-22,EUR,PLN,4.2768
2026-03-23,EUR,PLN,4.2867
2026-03-24,EUR,PLN,4.2728
2026-03-25,EUR,PLN,4.2692
2026-03-26,EUR,PLN,4.2710
2026-03-27,EUR,PLN,4.2858
2026-03-28,EUR,PLN,4.2858
2026-03-29,EUR,PLN,4.2858
2026-03-30,EUR,PLN,4.2832
2026-03-31,EUR,PLN,4.2894
2026-04-01,EUR,PLN,4.2874
2026-04-02,EUR,PLN,4.2869
2026-04-03,EUR,PLN,4.2776
2026-04-04,EUR,PLN,4.2776
2026-04-05,EUR,PLN,4.2776
2026-04-06,EUR,PLN,4.2776
2026-04-07,EUR,PLN,4.2694
2026-04-08,EUR,PLN,4.2623
2026-04-09,EUR,PLN,4.2610
2026-04-10,EUR,PLN,4.2534
2026-04-11,EUR,PLN,4.2534
2026-04-12,EUR,PLN,4.2534
2026-04-13,EUR,PLN,4.2507
2026-04-14,EUR,PLN,4.2436
2026-04-15,EUR,PLN,4.2370
2026-04-16,EUR,PLN,4.2411
2026-04-17,EUR,PLN,4.2355
2026-04-18,EUR,PLN,4.2355
2026-04-19,EUR,PLN,4.2355
2026-04-20,EUR,PLN,4.2346
2026-04-21,EUR,PLN,4.2320
2026-04-22,EUR,PLN,4.2408
2026-04-23,EUR,PLN,4.2501
2026-04-24,EUR,PLN,4.2428
2026-04-25,EUR,PLN,4.2428
2026-04-26,EUR,PLN,4.2428
2026-04-27,EUR,PLN,4.2445
2026-04-28,EUR,PLN,4.2470
2026-04-29,EUR,PLN,4.2537
2026-04-30,EUR,PLN,4.2589
2026-05-01,EUR,PLN,4.2589
2026-05-02,EUR,PLN,4.2589
2026-05-03,EUR,PLN,4.2589
2026-05-04,EUR,PLN,4.2544
2026-05-05,EUR,PLN,4.2551
2026-05-06,EUR,PLN,4.2351
2026-05-07,EUR,PLN,4.2286
2026-05-08,EUR,PLN,4.2284
2026-05-09,EUR,PLN,4.2284
2026-05-10,EUR,PLN,4.2284
2026-05-11,EUR,PLN,4.2386
2026-05-12,EUR,PLN,4.2478
2026-05-13,EUR,PLN,4.2524
2026-05-14,EUR,PLN,4.2401
2026-05-15,EUR,PLN,4.2489
2026-05-16,EUR,PLN,4.2489
2026-05-17,EUR,PLN,4.2489
2026-05-18,EUR,PLN,4.2434
2026-05-19,EUR,PLN,4.2389
2026-05-20,EUR,PLN,4.2546
2026-05-21,EUR,PLN,4.2460
2026-05-22,EUR,PLN,4.2453
2026-05-23,EUR,PLN,4.2453
2026-05-24,EUR,PLN,4.2453
2026-05-25,EUR,PLN,4.2352
2026-05-26,EUR,PLN,4.2352
2026-05-27,EUR,PLN,4.2393
2026-05-28,EUR,PLN,4.2355
2026-05-29,EUR,PLN,4.2322
2026-05-30,EUR,PLN,4.2322
2026-05-31,EUR,PLN,4.2322
2026-06-01,EUR,PLN,4.2341
2026-06-02,EUR,PLN,4.2334
2026-06-03,EUR,PLN,4.2433
2026-06-04,EUR,PLN,4.2433
2026-06-05,EUR,PLN,4.2348
2026-06-06,EUR,PLN,4.2348
2026-06-07,EUR,PLN,4.2348
2026-06-08,EUR,PLN,4.2462
2026-06-09,EUR,PLN,4.2359
2026-06-10,EUR,PLN,4.2481
2026-06-11,EUR,PLN,4.2530
2026-06-12,EUR,PLN,4.2484
2026-06-13,EUR,PLN,4.2484
2026-06-14,EUR,PLN,4.2484
2026-06-15,EUR,PLN,4.2447
2026-06-16,EUR,PLN,4.2462
2026-06-17,EUR,PLN,4.2396
2026-06-18,EUR,PLN,4.2568
2026-06-19,EUR,PLN,4.2604
2026-06-20,EUR,PLN,4.2604
2026-06-21,EUR,PLN,4.2604
2026-06-22,EUR,PLN,4.2693
2026-06-23,EUR,PLN,4.2842
2026-06-24,EUR,PLN,4.2864
2026-06-25,EUR,PLN,4.2878
2026-06-26,EUR,PLN,4.2869
2026-06-27,EUR,PLN,4.2869
2026-06-28,EUR,PLN,4.2869
2026-06-29,EUR,PLN,4.2890
2026-06-30,EUR,PLN,4.2963
2026-07-01,EUR,PLN,4.2976
2026-07-02,EUR,PLN,4.2905
2026-07-03,EUR,PLN,4.2857
2026-07-04,EUR,PLN,4.2857
2026-07-05,EUR,PLN,4.2857
2026-07-06,EUR,PLN,4.2872
2026-07-07,EUR,PLN,4.2938
2026-07-08,EUR,PLN,4.3080
2026-07-09,EUR,PLN,4.3069
2026-07-10,EUR,PLN,4.3465
2026-07-11,EUR,PLN,4.3465
2026-07-12,EUR,PLN,4.3465
2026-07-13,EUR,PLN,4.3281
2026-07-14,EUR,PLN,4.3407
2026-07-15,EUR,PLN,4.3275
2026-07-16,EUR,PLN,4.3262
2026-07-17,EUR,PLN,4.3420
2026-07-18,EUR,PLN,4.3420
2026-07-19,EUR,PLN,4.3420
2026-07-20,EUR,PLN,4.3359
2026-07-21,EUR,PLN,4.3268
2026-07-22,EUR,PLN,4.3295
2026-07-23,EUR,PLN,4.3298
2026-07-24,EUR,PLN,4.3257
2026-07-25,EUR,PLN,4.3257
2026-07-26,EUR,PLN,4.3257
2026-07-27,EUR,PLN,4.3139
2026-07-28,EUR,PLN,4.3242
2026-07-29,EUR,PLN,4.3263
2026-07-30,EUR,PLN,4.3097
2026-07-31,EUR,PLN,4.3128
2026-08-01,EUR,PLN,4.3128
2026-08-02,EUR,PLN,4.3128
2026-08-03,EUR,PLN,4.3013
2026-08-04,EUR,PLN,4.3118
2026-08-05,EUR,PLN,4.3050
2026-08-06,EUR,PLN,4.2982
2026-08-07,EUR,PLN,4.3010
2026-08-08,EUR,PLN,4.3010
2026-08-09,EUR,PLN,4.3010
2026-08-10,EUR,PLN,4.3037
2026-08-11,EUR,PLN,4.2996
2026-08-12,EUR,PLN,4.3033
2026-08-13,EUR,PLN,4.3058
2026-08-14,EUR,PLN,4.3100
2026-08-15,EUR,PLN,4.3100
2026-08-16,EUR,PLN,4.3100
2026-08-17,EUR,PLN,4.3075
2026-08-18,EUR,PLN,4.3189
2026-08-19,EUR,PLN,4.3267
2026-08-20,EUR,PLN,4.3165
2026-08-21,EUR,PLN,4.3122
2026-08-22,EUR,PLN,4.3122
2026-08-23,EUR,PLN,4.3122
2026-08-24,EUR,PLN,4.3124
2026-08-25,EUR,PLN,4.3046
2026-08-26,EUR,PLN,4.3014
2026-08-27,EUR,PLN,4.3274
2026-08-28,EUR,PLN,4.3328
2026-08-29,EUR,PLN,4.3328
2026-08-30,EUR,PLN,4.3328
2026-08-31,EUR,PLN,4.3264
2026-09-01,EUR,PLN,4.3328
2026-09-02,EUR,PLN,4.3311
2026-09-03,EUR,PLN,4.3211
2026-09-04,EUR,PLN,4.3179
2026-09-05,EUR,PLN,4.3179
2026-09-06,EUR,PLN,4.3179
2026-09-07,EUR,PLN,4.3179
