Date,Description,Amount
2025-01-03,PIX TRANSF MARIA 05,-150.00
2025-01-06,SUPERMERCADO BOM PRECO,-312.47
2025-01-09,SISPAG ACME LTDA,4200.00
2025-01-12,POSTO IPIRANGA,-230.00
2025-01-15,DROGASIL 0423,-58.90
2025-01-18,PAG BOLETO ENERGIA,-187.33
2025-01-21,IFOOD *RESTAURANTE,-64.50
2025-01-24,UBER *TRIP,-27.80
2025-01-28,SALDO TOTAL DISPONIVEL DIA,8169.00
2025-02-03,PIX TRANSF MARIA 05,-150.00
2025-02-06,SUPERMERCADO BOM PRECO,-312.47
2025-02-09,SISPAG ACME LTDA,4200.00
2025-02-12,POSTO IPIRANGA,-230.00
2025-02-15,DROGASIL 0423,-58.90
2025-02-18,PAG BOLETO ENERGIA,-187.33
2025-02-21,IFOOD *RESTAURANTE,-64.50
2025-02-24,UBER *TRIP,-27.80
2025-02-28,SALDO TOTAL DISPONIVEL DIA,11338.00
2025-03-03,PIX TRANSF MARIA 05,-150.00
2025-03-06,SUPERMERCADO BOM PRECO,-312.47
2025-03-09,SISPAG ACME LTDA,4200.00
2025-03-12,POSTO IPIRANGA,-230.00
2025-03-15,DROGASIL 0423,-58.90
2025-03-18,PAG BOLETO ENERGIA,-187.33
2025-03-21,IFOOD *RESTAURANTE,-64.50
2025-03-24,UBER *TRIP,-27.80
2025-03-28,SALDO TOTAL DISPONIVEL DIA,14507.00
2025-04-03,PIX TRANSF MARIA 05,-150.00
2025-04-06,SUPERMERCADO BOM PRECO,-312.47
2025-04-09,SISPAG ACME LTDA,4200.00
2025-04-12,POSTO IPIRANGA,-230.00
2025-04-15,DROGASIL 0423,-58.90
2025-04-18,PAG BOLETO ENERGIA,-187.33
2025-04-21,IFOOD *RESTAURANTE,-64.50
2025-04-24,UBER *TRIP,-27.80
2025-04-28,SALDO TOTAL DISPONIVEL DIA,17676.00
2025-05-03,PIX TRANSF MARIA 05,-150.00
2025-05-06,SUPERMERCADO BOM PRECO,-312.47
2025-05-09,SISPAG ACME LTDA,4200.00
2025-05-12,POSTO IPIRANGA,-230.00
2025-05-15,DROGASIL 0423,-58.90
2025-05-18,PAG BOLETO ENERGIA,-187.33
2025-05-21,IFOOD *RESTAURANTE,-64.50
2025-05-24,UBER *TRIP,-27.80
2025-05-28,SALDO TOTAL DISPONIVEL DIA,20845.00
2025-06-03,PIX TRANSF MARIA 05,-150.00
2025-06-06,SUPERMERCADO BOM PRECO,-312.47
2025-06-09,SISPAG ACME LTDA,4200.00
2025-06-12,POSTO IPIRANGA,-230.00
2025-06-15,DROGASIL 0423,-58.90
2025-06-18,PAG BOLETO ENERGIA,-187.33
2025-06-21,IFOOD *RESTAURANTE,-64.50
2025-06-24,UBER *TRIP,-27.80
2025-06-28,SALDO TOTAL DISPONIVEL DIA,24014.00
