Type,Product,Started Date,Completed Date,Description,Amount,Fee,Currency,State,Balance
TOPUP,Current,2024-03-01 08:00:12,2024-03-01 08:00:15,Top-up by *1234,500.00,0.00,PLN,COMPLETED,1500.00
CARD_PAYMENT,Current,2024-03-01 12:31:05,2024-03-02 09:12:44,Zabka,-18.47,0.00,PLN,COMPLETED,1481.53
CARD_PAYMENT,Current,2024-03-02 19:05:51,2024-03-03 10:01:02,Uber,-32.10,0.00,PLN,COMPLETED,1449.43
CARD_PAYMENT,Current,2024-03-03 10:14:33,2024-03-04 08:22:17,Biedronka,-96.33,0.00,PLN,COMPLETED,1353.10
CARD_PAYMENT,Current,2024-03-04 13:02:40,2024-03-05 07:58:03,Starbucks,-21.50,0.00,PLN,COMPLETED,1331.60
CARD_PAYMENT,Current,2024-03-05 18:45:09,2024-03-06 09:40:55,Netflix,-49.00,0.00,PLN,COMPLETED,1282.60
CARD_PAYMENT,Current,2024-03-06 11:20:27,2024-03-07 08:05:41,Allegro,-129.99,0.00,PLN,COMPLETED,1152.61
CARD_PAYMENT,Current,2024-03-07 16:33:58,2024-03-08 10:17:20,Lidl,-54.12,0.00,PLN,COMPLETED,1098.49
CARD_PAYMENT,Current,2024-03-08 09:10:01,2024-03-09 07:44:36,Orlen,-210.00,0.00,PLN,COMPLETED,888.49
TOPUP,Current,2024-03-09 08:00:10,2024-03-09 08:00:13,Top-up by *1234,300.00,0.00,PLN,COMPLETED,1188.49
CARD_PAYMENT,Current,2024-03-10 20:15:47,2024-03-11 09:31:12,Pizza Hut,-74.90,0.00,PLN,COMPLETED,1113.59
CARD_PAYMENT,Current,2024-03-11 14:08:22,2024-03-12 08:50:29,Rossmann,-38.66,0.00,PLN,COMPLETED,1074.93
CARD_PAYMENT,Current,2024-03-12 07:55:03,2024-03-13 10:02:48,Jakdojade,-4.40,0.00,PLN,COMPLETED,1070.53
CARD_PAYMENT,Current,2024-03-13 12:40:16,2024-03-14 07:39:55,"Coffee, Bar & Co",-16.00,0.00,PLN,COMPLETED,1054.53
CARD_PAYMENT,Current,2024-03-14 17:22:34,2024-03-15 09:13:06,Empik,-59.99,0.00,PLN,COMPLETED,994.54
CARD_PAYMENT,Current,2024-03-15 10:05:49,2024-03-16 08:28:41,Booking.com,-412.00,-4.12,PLN,COMPLETED,578.42
TOPUP,Current,2024-03-16 08:00:09,2024-03-16 08:00:12,Top-up by *1234,200.00,0.00,PLN,COMPLETED,778.42
CARD_PAYMENT,Current,2024-03-17 13:48:11,2024-03-18 10:44:30,Carrefour,-88.25,0.00,PLN,COMPLETED,690.17
CARD_PAYMENT,Current,2024-03-18 19:30:27,2024-03-19 08:16:52,Spotify,-23.99,0.00,PLN,COMPLETED,666.18
CARD_PAYMENT,Current,2024-03-19 11:11:11,2024-03-20 09:05:05,Apteka,-27.80,0.00,PLN,COMPLETED,638.38
CARD_PAYMENT,Current,2024-03-20 15:57:39,2024-03-21 07:51:18,Decathlon,-149.99,0.00,PLN,COMPLETED,488.39
